date,max_temp,average_temp,min_temp,precipitation,rain,city
1/1/15,59,48.3,39,0.00,0,1
1/2/15,54,46,38,0.00,0,1
1/3/15,57,48.2,41,0.00,0,1
1/4/15,57,47.8,38,0.00,0,1
1/5/15,55,46.6,38,0.00,0,1
1/6/15,58,51.8,47,0.00,0,1
1/7/15,45,37.5,42.8,0.00,0,1
1/8/15,51,42,35,0.00,0,1
1/9/15,60,50.5,42,0.00,0,1
1/10/15,59,51.4,44,0.00,0,1
1/11/15,63,54.3,48,0.00,0,1
1/12/15,59,51.2,44,0.00,0,1
1/13/15,59,51.5,44,0.00,0,1
1/14/15,58,53.9,52,0.02,1,1
1/15/15,59,54.5,50,0.07,1,1
1/16/15,54,49.1,46,0.08,1,1
1/17/15,54,49.3,45,0.17,1,1
1/18/15,54,49.9,47,0.30,1,1
1/19/15,53,48.8,46,0.00,0,1
1/20/15,53,48.5,46,0.09,1,1
1/21/15,55,49.6,44,0.01,1,1
1/22/15,55,52.5,50,0.00,1,1
1/23/15,57,53.9,51,0.01,1,1
1/24/15,58,52.3,48,0.00,0,1
1/25/15,63,52.1,42,0.00,0,1
1/26/15,60,50.6,0,0.00,0,1
1/27/15,63,53.7,49,0.00,0,1
1/28/15,58,53.9,51,0.00,0,1
1/29/15,58,55.4,53,0.00,0,1
1/30/15,57,56,55,0.04,1,1
1/31/15,56,51.6,47,0.04,1,1
2/1/15,53,48.1,44,0.00,1,1
2/2/15,55,51.8,47,0.02,1,1
2/3/15,55,51.6,47,0.01,1,1
2/4/15,52,47.7,45,0.00,1,1
2/5/15,53,46.3,41,0.00,0,1
2/6/15,53,45.2,40,0.02,1,1
2/7/15,50,44.6,38,0.00,0,1
2/8/15,52,44.7,39,0.00,0,1
2/9/15,58,47.3,39,0.00,0,1
2/10/15,49,46.5,43,0.06,1,1
2/11/15,58,50.9,46,0.02,1,1
2/12/15,58,50.3,43,0.00,0,1
2/13/15,59,52.6,46,0.01,1,1
2/14/15,58,55.1,52,0.03,1,1
2/15/15,57,54.5,53,0.01,1,1
2/16/15,59,53.5,51,0.00,1,1
2/17/15,59,53.1,47,0.00,0,1
2/18/15,60,52.1,46,0.00,0,1
2/19/15,62,53.8,48,0.00,0,1
2/20/15,59,52.1,46,0.02,1,1
2/21/15,57,53.6,50,0.03,1,1
2/22/15,59,53.8,50,0.00,0,1
2/23/15,60,54,51,0.02,1,1
2/24/15,56,51.6,49,0.00,0,1
2/25/15,58,52.3,47,0.00,0,1
2/26/15,56,54,52,0.00,0,1
2/27/15,60,54.3,51,0.00,0,1
2/28/15,60,55.4,50,0.00,1,1
3/1/15,63,56,50,0.00,0,1
3/2/15,62,56.7,53,0.02,1,1
3/3/15,65,57.1,51,0.06,1,1
3/4/15,70,59.8,53,0.00,0,1
3/5/15,63,56.3,49,0.00,0,1
3/6/15,69,57.5,47,0.00,0,1
3/7/15,71,58.3,47,0.00,0,1
3/8/15,75,61.7,49,0.00,0,1
3/9/15,73,59.9,49,0.00,0,1
3/10/15,70,56,46,0.03,1,1
3/11/15,68,54.5,46,0.03,1,1
3/12/15,62,53.3,47,0.02,1,1
3/13/15,67,57,52,0.00,1,1
3/14/15,66,55.6,50,0.07,1,1
3/15/15,64,54.4,48,0.03,1,1
3/16/15,59,51.9,46,0.01,1,1
3/17/15,53,49.9,47,0.05,1,1
3/18/15,57,52.2,48,0.03,1,1
3/19/15,65,55.8,49,0.01,1,1
3/20/15,66,59.9,55,0.00,0,1
3/21/15,64,57.9,54,0.01,1,1
3/22/15,63,57.3,53,0.06,1,1
3/23/15,59,53.8,50,0.00,0,1
3/24/15,61,53.3,48,0.00,0,1
3/25/15,58,52,47,0.00,0,1
3/26/15,61,55.1,50,0.00,1,1
3/27/15,65,57.5,54,0.00,0,1
3/28/15,66,57.1,52,0.00,0,1
3/29/15,68,57.5,52,0.00,0,1
3/30/15,73,59.3,52,0.00,0,1
3/31/15,70,59.5,52,0.00,0,1
4/1/15,84,67.3,52,0.00,0,1
4/2/15,81,69.3,62,0.00,0,1
4/3/15,75,67.5,61,0.00,0,1
4/4/15,81,68.5,57,0.00,0,1
4/5/15,76,64.2,56,0.00,0,1
4/6/15,66,57.7,53,2.36,1,1
4/7/15,70,62.7,57,0.79,1,1
4/8/15,61,56.5,52,3.19,1,1
4/9/15,64,57.2,52,2.22,1,1
4/10/15,65,58.5,55,0.09,1,1
4/11/15,70,60,53,0.00,0,1
4/12/15,73,62.1,54,0.00,0,1
4/13/15,76,66.7,59,0.00,0,1
4/14/15,73,63.5,59,0.00,0,1
4/15/15,66,59,54,14.64,1,1
4/16/15,65,58.9,53,0.10,1,1
4/17/15,64,58.3,55,0.00,0,1
4/18/15,62,57.4,53,0.00,0,1
4/19/15,64,57.5,53,0.00,0,1
4/20/15,68,58.8,52,0.02,1,1
4/21/15,71,61,54,0.00,0,1
4/22/15,67,60.9,56,0.00,0,1
4/23/15,69,60.5,53,0.00,0,1
4/24/15,67,61.4,58,0.38,1,1
4/25/15,65,61.5,60,1.38,1,1
4/26/15,64,59.3,56,6.77,1,1
4/27/15,65,59.4,56,0.18,1,1
4/28/15,66,59,54,0.00,0,1
4/29/15,66,59.2,53,0.00,0,1
4/30/15,73,63.1,56,0.00,0,1
5/1/15,71,64.3,58,0.00,0,1
5/2/15,69,63.5,58,0.00,0,1
5/3/15,65,63,61,0.43,1,1
5/4/15,65,62.1,57,1.56,1,1
5/5/15,65,59.3,54,0.00,0,1
5/6/15,69,60,51,0.00,0,1
5/7/15,68,62.3,55,0.00,0,1
5/8/15,71,64.4,59,0.00,0,1
5/9/15,79,65.3,56,0.00,0,1
5/10/15,85,69,58,0.00,0,1
5/11/15,85,71.5,60,0.00,0,1
5/12/15,80,70.7,62,0.00,0,1
5/13/15,85,71,62,0.00,0,1
5/14/15,70,62.7,57,0.00,0,1
5/15/15,68,61.3,56,0.00,0,1
5/16/15,87,72.4,60,0.00,0,1
5/17/15,90,77.8,69,0.00,0,1
5/18/15,78,70.3,60,0.00,0,1
5/19/15,66,60.3,56,0.00,0,1
5/20/15,69,60.5,53,0.00,0,1
5/21/15,79,66.2,56,0.00,0,1
5/22/15,81,68.5,62,0.00,0,1
5/23/15,80,69.4,63,0.00,0,1
5/24/15,82,70.6,63,0.00,0,1
5/25/15,80,70.6,62,0.00,0,1
5/26/15,85,76.1,70,0.00,0,1
5/27/15,90,77.8,68,0.00,0,1
5/28/15,86,76.1,66,0.00,0,1
5/29/15,78,68.9,62,0.00,0,1
5/30/15,76,65.5,58,0.00,0,1
5/31/15,73,65.2,58,0.00,0,1
6/1/15,74,64.8,58,0.00,0,1
6/2/15,78,65.8,55,0.00,0,1
6/3/15,87,69.7,59,0.00,0,1
6/4/15,86,70.9,60,0.00,0,1
6/5/15,84,69.2,60,0.00,0,1
6/6/15,89,74.1,63,0.00,0,1
6/7/15,90,76.8,70,0.00,0,1
6/8/15,88,79.4,71,0.00,0,1
6/9/15,90,79.6,72,0.00,0,1
6/10/15,74,67.6,63,0.00,0,1
6/11/15,69,63.6,59,0.00,0,1
6/12/15,68,61.6,57,0.00,0,1
6/13/15,67,61.9,57,0.87,1,1
6/14/15,65,60.6,58,3.58,1,1
6/15/15,72,63.6,57,0.06,1,1
6/16/15,77,67.3,59,0.00,0,1
6/17/15,88,75,64,0.00,0,1
6/18/15,88,79.2,73,0.00,0,1
6/19/15,92,81.1,68,0.00,0,1
6/20/15,92,83.3,72,0.00,0,1
6/21/15,82,72.8,65,0.00,0,1
6/22/15,75,67.3,63,0.00,0,1
6/23/15,72,66.6,63,0.00,0,1
6/24/15,76,66.6,60,0.00,0,1
6/25/15,84,70.3,60,0.00,0,1
6/26/15,89,73.9,62,0.00,0,1
6/27/15,96,77.8,65,0.00,0,1
6/28/15,91,77.5,68,0.00,0,1
6/29/15,95,77.8,65,0.00,0,1
6/30/15,81,69.8,63,0.00,0,1
7/1/15,74,67.5,63,2.52,1,1
7/2/15,78,67.8,61,0.00,0,1
7/3/15,81,69.5,60,0.00,0,1
7/4/15,84,72.5,65,0.00,0,1
7/5/15,81,70,64,0.00,0,1
7/6/15,87,71.5,61,0.00,0,1
7/7/15,83,71.9,63,0.00,0,1
7/8/15,82,70.5,63,0.00,0,1
7/9/15,81,70.6,63,0.00,0,1
7/10/15,76,68.6,64,0.00,0,1
7/11/15,81,70,63,0.00,0,1
7/12/15,79,68.5,62,0.00,0,1
7/13/15,82,70.4,63,0.00,0,1
7/14/15,86,71.8,63,0.00,0,1
7/15/15,88,71.8,64,0.00,0,1
7/16/15,88,73.4,64,0.00,0,1
7/17/15,81,72.9,67,0.00,0,1
7/18/15,83,73.3,66,0.00,0,1
7/19/15,83,74.1,67,0.00,0,1
7/20/15,84,75.3,70,0.00,0,1
7/21/15,83,74.8,69,0.00,0,1
7/22/15,82,72.9,66,0.00,0,1
7/23/15,83,72.8,65,0.00,0,1
7/24/15,78,71.8,65,0.05,1,1
7/25/15,79,69.1,62,0.00,0,1
7/26/15,86,73.6,63,0.00,0,1
7/27/15,83,72.9,67,0.00,0,1
7/28/15,83,72.8,65,0.00,0,1
7/29/15,82,74.3,67,0.00,0,1
7/30/15,82,74.9,71,0.00,0,1
7/31/15,79,71,66,0.00,0,1
8/1/15,86,72.6,64,0.00,0,1
8/2/15,88,73.8,64,0.00,0,1
8/3/15,84,72.4,65,0.00,0,1
8/4/15,79,70,63,0.00,0,1
8/5/15,85,70.7,61,0.00,0,1
8/6/15,87,73.7,66,0.00,0,1
8/7/15,78,69.4,64,0.00,0,1
8/8/15,85,71.5,62,0.00,0,1
8/9/15,95,80.7,66,0.00,0,1
8/10/15,93,78.3,66,0.00,0,1
8/11/15,80,70.3,65,0.00,0,1
8/12/15,76,67,60.8,0.00,0,1
8/13/15,74,67.4,62,0.00,0,1
8/14/15,75,66.7,60,0.00,0,1
8/15/15,79,69.3,62,0.00,0,1
8/16/15,79,70.2,65,0.00,0,1
8/17/15,77,69,65,0.00,0,1
8/18/15,78,69.6,64,0.00,0,1
8/19/15,88,73.4,63,0.00,0,1
8/20/15,93,78.8,67,0.00,0,1
8/21/15,87,74.1,66,0.00,0,1
8/22/15,78,70,65,0.00,0,1
8/23/15,75,67.6,64,2.52,1,1
8/24/15,76,67.7,63,0.10,1,1
8/25/15,81,69.7,61,0.00,0,1
8/26/15,82,71.8,64,0.00,0,1
8/27/15,80,72.4,67,0.00,0,1
8/28/15,87,75.5,69,0.00,0,1
8/29/15,91,77.1,65,0.00,0,1
8/30/15,82,75,70,0.00,0,1
8/31/15,78,72.9,69,0.00,0,1
9/1/15,74,65.9,62.6,0.00,0,1
9/2/15,74,67,62,0.00,0,1
9/3/15,71,65.7,62,0.00,0,1
9/4/15,71,64.7,61,0.00,0,1
9/5/15,75,66.6,60,0.00,0,1
9/6/15,83,70.2,59,0.00,0,1
9/7/15,86,74.1,64,0.00,0,1
9/8/15,83,73.4,67,0.00,0,1
9/9/15,79,69.6,61,0.00,0,1
9/10/15,75,66.9,61,0.00,0,1
9/11/15,78,67.1,60,0.00,0,1
9/12/15,74,67.6,63,0.00,0,1
9/13/15,73,66.1,62,0.47,1,1
9/14/15,73,65.8,61,0.00,0,1
9/15/15,70,66.4,61,1.27,1,1
9/16/15,73,67.3,62,3.42,1,1
9/17/15,73,64.2,58,0.02,1,1
9/18/15,78,65.5,58,0.00,0,1
9/19/15,86,71.7,60,0.00,0,1
9/20/15,86,73.7,62,0.00,0,1
9/21/15,83,71.9,61,0.00,0,1
9/22/15,73,64.8,60,0.00,0,1
9/23/15,78,66.3,60,0.00,0,1
9/24/15,81,68.3,61,0.00,0,1
9/25/15,80,68.2,62,0.00,0,1
9/26/15,80,67.5,61,0.00,0,1
9/27/15,87,69.8,59,0.00,0,1
9/28/15,83,71,60,0.00,0,1
9/29/15,78,69.6,63,0.24,1,1
9/30/15,77,69.2,61,0.00,0,1
10/1/15,81,69.8,61,0.00,0,1
10/2/15,80,68.3,62,0.00,0,1
10/3/15,74,67.5,62,0.00,0,1
10/4/15,76,70.8,68,2.85,1,1
10/5/15,73,69.1,66,13.85,1,1
10/6/15,70,65.9,62,0.39,1,1
10/7/15,71,62.7,59,0.00,0,1
10/8/15,73,63,58,0.00,0,1
10/9/15,68,62.2,56,0.00,0,1
10/10/15,66,63.3,60,6.70,1,1
10/11/15,69,65.4,64,0.70,1,1
10/12/15,68,65.3,63,9.39,1,1
10/13/15,74,67.5,63,2.18,1,1
10/14/15,76,67,61,0.00,0,1
10/15/15,76,66.3,59,0.00,0,1
10/16/15,71,66.6,62,0.00,0,1
10/17/15,69,65.3,63,6.48,1,1
10/18/15,68,61.1,57.2,10.82,1,1
10/19/15,67,62.8,58,0.39,1,1
10/20/15,76,67.7,62,9.07,1,1
10/21/15,74,65.6,59,0.00,0,1
10/22/15,74,64.4,57,0.00,0,1
10/23/15,69,62.8,56,0.00,0,1
10/24/15,63,61.9,61,0.78,1,1
10/25/15,63,60.9,59,2.07,1,1
10/26/15,69,62,56,17.77,1,1
10/27/15,64,59.5,56,1.09,1,1
10/28/15,68,59.8,59,0.81,1,1
10/29/15,70,65.3,62,0.13,1,1
10/30/15,68,63.5,60,0.18,1,1
10/31/15,64,60.3,56,5.10,1,1
11/1/15,63,58.2,55,4.78,1,1
11/2/15,62,59,56,2.65,1,1
11/3/15,68,62.7,56,0.31,1,1
11/4/15,68,64,61,5.94,1,1
11/5/15,69,65.1,63,1.52,1,1
11/6/15,73,66.8,62,0.00,0,1
11/7/15,76,66.9,60,0.00,0,1
11/8/15,73,65.3,60,0.00,0,1
11/9/15,73,65.4,58,0.05,1,1
11/10/15,73,63.8,57,0.00,0,1
11/11/15,71,62.6,55,0.00,0,1
11/12/15,69,61.1,55,0.00,0,1
11/13/15,66,60.9,57,0.04,1,1
11/14/15,67,60,53,0.02,1,1
11/15/15,67,60.1,54,0.00,0,1
11/16/15,67,60.2,56,0.00,0,1
11/17/15,65,58.9,54,0.00,0,1
11/18/15,66,58.9,53,0.50,1,1
11/19/15,67,59.2,54,0.00,0,1
11/20/15,70,60.1,54,0.19,1,1
11/21/15,62,58,52,0.28,1,1
11/22/15,56,52.1,48,1.10,1,1
11/23/15,57,51.8,48,0.33,1,1
11/24/15,59,52.1,43,0.00,0,1
11/25/15,63,58.3,55,0.13,1,1
11/26/15,65,59,55,0.15,1,1
11/27/15,65,59.3,56,0.00,0,1
11/28/15,65,57.4,54,0.00,0,1
11/29/15,63,55,49,0.00,0,1
11/30/15,60,53.4,47,0.00,0,1
12/1/15,58,53.6,48,0.04,1,1
12/2/15,63,56.8,53,0.00,0,1
12/3/15,65,56.1,49,0.25,1,1
12/4/15,63,58.1,53,0.00,0,1
12/5/15,65,56.8,51,0.00,0,1
12/6/15,56,51.3,48,0.04,1,1
12/7/15,60,56.4,54,0.43,1,1
12/8/15,62,56.1,52,0.00,0,1
12/9/15,61,56.8,52,0.00,0,1
12/10/15,61,57.8,55,0.00,0,1
12/11/15,58,54.8,51,0.00,0,1
12/12/15,63,56.7,51,0.08,1,1
12/13/15,64,57.5,52,2.87,1,1
12/14/15,65,62,57,3.49,1,1
12/15/15,70,63.9,55,0.32,1,1
12/16/15,63,56.4,51,0.00,0,1
12/17/15,68,58.6,51,0.00,0,1
12/18/15,67,60.8,55,0.00,0,1
12/19/15,67,59.2,50,0.04,1,1
12/20/15,63,58.2,52,0.09,1,1
12/21/15,51,47.6,44,0.00,0,1
12/22/15,46,44.8,43,0.08,1,1
12/23/15,50,47.1,44,0.04,1,1
12/24/15,55,50.4,47,0.00,0,1
12/25/15,60,52.9,48,0.04,1,1
12/26/15,61,53,47,0.08,1,1
12/27/15,62,55.5,48,0.09,1,1
12/28/15,63,59.7,53,2.16,1,1
12/29/15,63,55.8,49,0.06,1,1
12/30/15,64,58.9,52,0.88,1,1
12/31/15,60,56.1,53,0.08,1,1
1/1/16,64,57.5,53,0.11,1,1
1/2/16,61,55.9,51,0.00,1,1
1/3/16,62,59.6,55,0.05,1,1
1/4/16,64,60.2,55,0.06,1,1
1/5/16,55,52,49,0.05,1,1
1/6/16,59,54.3,48,0.02,1,1
1/7/16,61,59.5,58,0.07,1,1
1/8/16,62,58.8,54,0.22,1,1
1/9/16,61,56.6,51,0.01,1,1
1/10/16,62,60,58,0.07,1,1
1/11/16,59,55.3,50,0.25,1,1
1/12/16,59,53.1,49,0.00,1,1
1/13/16,60,52.1,45,0.00,0,1
1/14/16,61,57.3,53,0.04,1,1
1/15/16,59,53.3,48,0.00,0,1
1/16/16,56,48.4,42,0.00,0,1
1/17/16,50,46,42,0.00,0,1
1/18/16,60,54.2,47,0.01,1,1
1/19/16,60,55.2,52,0.06,1,1
1/20/16,62,57.2,53,0.03,1,1
1/21/16,61,58,56,0.20,1,1
1/22/16,63,58.7,55,0.04,1,1
1/23/16,67,60.2,57,0.03,1,1
1/24/16,70,60.5,54,0.00,0,1
1/25/16,62,57,52,0.21,1,1
1/26/16,60,53.8,50,0.00,0,1
1/27/16,59,53.5,48,0.00,0,1
1/28/16,59,55,53,0.15,1,1
1/29/16,60,53.8,50,0.00,0,1
1/30/16,58,53.8,49,0.00,0,1
1/31/16,61,56.6,54,0.00,0,1
2/1/16,62,53,50,0.00,0,1
2/2/16,60,54.6,51,0.00,0,1
2/3/16,64,57,54,0.00,0,1
2/4/16,61,53.3,49,0.00,0,1
2/5/16,60,52.5,46,0.00,0,1
2/6/16,60,55.3,51,0.15,1,1
2/7/16,60,55.5,53,0.00,0,1
2/8/16,62,57.8,55,0.01,1,1
2/9/16,62,58.3,56,0.02,1,1
2/10/16,60,58.6,57,0.08,1,1
2/11/16,61,58.2,56,0.05,1,1
2/12/16,61,59,57,0.11,1,1
2/13/16,60,58.7,58,0.09,1,1
2/14/16,57,52,46,0.12,1,1
2/15/16,55,50.8,47,0.01,1,1
2/16/16,55,47.8,42,0.00,0,1
2/17/16,53,47.4,40,0.17,1,1
2/18/16,54,48.4,44,0.00,0,1
2/19/16,58,50.3,44,0.00,0,1
2/20/16,62,54,46,0.00,0,1
2/21/16,63,53.9,49,0.00,0,1
2/22/16,65,55.3,49,0.00,0,1
2/23/16,59,54.1,50,0.00,0,1
2/24/16,59,55.8,53,0.04,1,1
2/25/16,59,53.9,50,0.00,1,1
2/26/16,55,50.4,45,0.20,1,1
2/27/16,47,44.4,40,0.35,1,1
2/28/16,57,51.2,47,0.00,0,1
2/29/16,58,51.6,46,0.00,0,1
3/1/16,64,54.3,47,0.00,0,1
3/2/16,61,54.9,51,0.00,0,1
3/3/16,61,53.5,49,0.00,0,1
3/4/16,58,53,49,0.00,1,1
3/5/16,56,51.2,48,0.00,1,1
3/6/16,56,50.3,45,0.00,1,1
3/7/16,55,51.8,49,0.00,1,1
3/8/16,59,52.2,47,0.00,0,1
3/9/16,59,52.5,48,0.00,1,1
3/10/16,58,52.8,49,0.00,0,1
3/11/16,61,53.5,47,0.00,0,1
3/12/16,63,53.4,44,0.00,0,1
3/13/16,65,54.6,46,0.00,0,1
3/14/16,60,52.7,46,0.00,0,1
3/15/16,62,54.8,51,0.08,1,1
3/16/16,60,53,48,0.00,0,1
3/17/16,62,54.8,48,0.00,0,1
3/18/16,61,55.7,53,0.21,1,1
3/19/16,58,53.6,50,0.19,1,1
3/20/16,57,51.3,47,0.15,1,1
3/21/16,60,52.3,49,0.13,1,1
3/22/16,61,54.5,49,0.02,1,1
3/23/16,60,54.8,50,0.01,1,1
3/24/16,64,55.5,51,0.00,0,1
3/25/16,63,55.3,49,0.00,0,1
3/26/16,60,56.7,54,0.04,1,1
3/27/16,60,54.3,47,0.00,0,1
3/28/16,62,57,54,0.00,1,1
3/29/16,63,57.9,55,0.00,0,1
3/30/16,62,53.6,48,0.06,1,1
3/31/16,57,51.4,47,0.00,0,1
4/1/16,61,53,47,0.00,0,1
4/2/16,59,52.5,47,4.64,1,1
4/3/16,58,54.2,51,4.05,1,1
4/4/16,58,55.6,53,3.73,1,1
4/5/16,61,55.2,51,0.09,1,1
4/6/16,68,57.5,50,0.00,0,1
4/7/16,69,58.3,53,0.00,0,1
4/8/16,60,54.1,50,0.00,0,1
4/9/16,59,53.9,50,0.12,1,1
4/10/16,58,53.4,50,1.24,1,1
4/11/16,59,52.7,48,0.85,1,1
4/12/16,62,56.4,53,2.08,1,1
4/13/16,62,57.2,52,0.96,1,1
4/14/16,60,58.7,57,5.64,1,1
4/15/16,62,59.4,58,11.53,1,1
4/16/16,64,59.5,55,3.77,1,1
4/17/16,64,57.6,52,0.00,0,1
4/18/16,70,59.8,51,1.36,1,1
4/19/16,64,60.1,56,1.54,1,1
4/20/16,64,58.5,54,0.00,0,1
4/21/16,63,58.8,53,1.88,1,1
4/22/16,66,59.5,55,0.31,1,1
4/23/16,68,60.4,56,0.17,1,1
4/24/16,70,60.3,53,0.00,0,1
4/25/16,75,62.1,53,0.00,0,1
4/26/16,69,55.5,53.6,0.00,0,1
4/27/16,66,57.6,53,0.00,0,1
4/28/16,66,58.4,53,0.00,0,1
4/29/16,71,61.1,54,0.00,0,1
4/30/16,68,59.6,52,0.00,0,1
5/1/16,75,63.6,55,0.00,0,1
5/2/16,78,66.6,58,0.00,0,1
5/3/16,86,71.9,58,0.00,0,1
5/4/16,80,68.4,61,0.00,0,1
5/5/16,64,60.4,58,3.85,1,1
5/6/16,60,57.2,55,4.42,1,1
5/7/16,57,55.8,55,11.47,1,1
5/8/16,63,58.8,56,2.04,1,1
5/9/16,59,57.2,55,1.76,1,1
5/10/16,64,57.5,53,4.00,1,1
5/11/16,62,56.2,52,8.45,1,1
5/12/16,64,57.2,54,2.52,1,1
5/13/16,64,58.5,55,2.42,1,1
5/14/16,64,58.4,55,0.00,0,1
5/15/16,68,60.8,55,0.00,0,1
5/16/16,73,62.3,55,0.00,0,1
5/17/16,67,60,55,0.00,0,1
5/18/16,69,61.1,55,0.00,0,1
5/19/16,73,64.2,56,0.00,0,1
5/20/16,86,70.2,59,0.00,0,1
5/21/16,71,62.6,57,0.00,0,1
5/22/16,70,62.7,55,0.00,0,1
5/23/16,75,63.4,53,0.00,0,1
5/24/16,66,61.8,59,1.13,1,1
5/25/16,69,62.7,58,0.04,1,1
5/26/16,68,62.3,55,0.00,0,1
5/27/16,68,63.4,59,0.08,1,1
5/28/16,67,61.6,55,8.48,1,1
5/29/16,68,61.9,57,0.52,1,1
5/30/16,70,62.2,56,0.00,0,1
5/31/16,76,64.7,56,0.00,0,1
6/1/16,85,71.6,59,0.05,1,1
6/2/16,79,70.8,63,0.00,0,1
6/3/16,69,63.5,59,0.00,0,1
6/4/16,72,64.7,58,0.00,0,1
6/5/16,75,66.9,60,0.00,0,1
6/6/16,76,68.6,63,0.00,0,1
6/7/16,85,72.3,60,0.00,0,1
6/8/16,89,76.7,67,0.00,0,1
6/9/16,77,69.7,64,0.00,0,1
6/10/16,71,66.1,62,0.00,0,1
6/11/16,74,66.8,60,0.00,0,1
6/12/16,80,70.4,64,0.00,0,1
6/13/16,73,67.7,63,0.00,0,1
6/14/16,73,66.6,61,0.25,1,1
6/15/16,69,63.6,60,0.70,1,1
6/16/16,70,63.4,58,0.45,1,1
6/17/16,72,64.4,58,0.00,0,1
6/18/16,76,66.3,58,0.00,0,1
6/19/16,86,69.3,0,0.00,0,1
6/20/16,90,75.3,64,0.00,0,1
6/21/16,87,75.5,66,0.00,0,1
6/22/16,87,73.5,64,0.00,0,1
6/23/16,80,68.6,62,0.00,0,1
6/24/16,75,67.3,62,0.00,0,1
6/25/16,75,66.7,62,0.00,0,1
6/26/16,85,71.8,61,0.00,0,1
6/27/16,93,77.4,67,0.00,0,1
6/28/16,84,73.5,64,0.00,0,1
6/29/16,77,67.7,61,0.00,0,1
6/30/16,76,66.8,60,0.00,0,1
7/1/16,75,67.3,63,0.00,0,1
7/2/16,79,69.2,61,0.00,0,1
7/3/16,97,78.5,64,0.00,0,1
7/4/16,82,71.9,64,0.31,1,1
7/5/16,84,72.4,63,0.00,0,1
7/6/16,79,70.1,60,0.00,0,1
7/7/16,87,75.4,68,0.80,1,1
7/8/16,90,71.3,64.4,0.00,0,1
7/9/16,89,76.2,65,0.00,0,1
7/10/16,82,71.7,64,0.00,0,1
7/11/16,77,69.1,61,0.00,0,1
7/12/16,75,68.3,62,0.00,0,1
7/13/16,82,64.4,60.8,0.00,0,1
7/14/16,96,79.5,68,0.00,0,1
7/15/16,96,83.7,76,0.00,0,1
7/16/16,93,83.3,72,0.00,0,1
7/17/16,95,82.7,74,0.00,0,1
7/18/16,84,75.2,66,0.00,0,1
7/19/16,89,73.1,65,0.00,0,1
7/20/16,85,71.5,63,0.00,0,1
7/21/16,82,71.4,64,0.00,0,1
7/22/16,78,71,66,0.12,1,1
7/23/16,95,79,67,0.00,0,1
7/24/16,96,85.3,76,0.00,0,1
7/25/16,97,85,74,0.00,0,1
7/26/16,86,76.5,65,0.00,0,1
7/27/16,83,71,64,0.00,0,1
7/28/16,92,76.5,64,0.00,0,1
7/29/16,87,76.9,69,0.00,0,1
7/30/16,77,68.7,64,0.00,0,1
7/31/16,80,70.6,63,0.00,0,1
8/1/16,81,70,62,0.00,0,1
8/2/16,89,73.3,62,0.00,0,1
8/3/16,80,71.3,65,0.00,0,1
8/4/16,79,71.4,66,0.00,0,1
8/5/16,85,73.1,64,0.00,0,1
8/6/16,96,82.4,68,0.00,0,1
8/7/16,96,88.3,80,0.00,0,1
8/8/16,95,83.9,70,0.00,0,1
8/9/16,94,76.4,68,0.00,0,1
8/10/16,92,76.5,63,0.00,0,1
8/11/16,93,80.7,71,0.00,0,1
8/12/16,97,82.2,71,0.00,0,1
8/13/16,97,83.2,72,0.00,0,1
8/14/16,86,75.2,65,0.00,0,1
8/15/16,82,70.3,63,0.00,0,1
8/16/16,80,70,63,0.00,0,1
8/17/16,81,71.8,65,0.00,0,1
8/18/16,82,70.5,63,0.00,0,1
8/19/16,79,72,66,0.06,1,1
8/20/16,78,69.1,63,0.00,0,1
8/21/16,88,74.9,63,0.00,0,1
8/22/16,92,78.5,67,0.00,0,1
8/23/16,94,78.8,67,0.00,0,1
8/24/16,87,75.2,67,0.27,1,1
8/25/16,86,72.7,65,0.00,0,1
8/26/16,89,74.1,65,0.00,0,1
8/27/16,88,74.1,64,0.00,0,1
8/28/16,84,71.2,64,0.00,0,1
8/29/16,82,69.7,62,0.00,0,1
8/30/16,79,68.9,64,0.00,0,1
8/31/16,80,70,64,0.00,0,1
9/1/16,88,73.5,64,0.00,0,1
9/2/16,91,76.8,64,0.00,0,1
9/3/16,91,79.4,69,0.00,0,1
9/4/16,97,83.1,72,0.00,0,1
9/5/16,101,86.9,77,0.00,0,1
9/6/16,98,85.3,76,0.00,0,1
9/7/16,80,72.3,67,0.00,0,1
9/8/16,76,68.8,64,0.00,0,1
9/9/16,79,68.9,63,0.00,0,1
9/10/16,80,70.8,64,0.00,0,1
9/11/16,84,73.5,66,0.00,0,1
9/12/16,82,72,65,0.00,0,1
9/13/16,73,67.7,63,7.18,1,1
9/14/16,71,65.2,61,0.00,0,1
9/15/16,74,65.5,59,0.78,1,1
9/16/16,76,67.4,60,0.00,0,1
9/17/16,87,72.4,62,0.00,0,1
9/18/16,86,73.2,65,0.00,0,1
9/19/16,87,71.5,60,0.00,0,1
9/20/16,76,66.2,60,0.00,0,1
9/21/16,73,65,61,0.00,0,1
9/22/16,73,64.8,59,0.00,0,1
9/23/16,79,69,62,0.00,0,1
9/24/16,78,68,60,0.00,0,1
9/25/16,78,68.1,61,0.16,1,1
9/26/16,76,66.3,60,0.00,0,1
9/27/16,87,73.6,64,0.00,0,1
9/28/16,91,79.1,67,0.00,0,1
9/29/16,85,73.3,63,0.00,0,1
9/30/16,80,71.1,64,0.00,0,1
10/1/16,76,65.8,59,0.00,0,1
10/2/16,73,63.6,58,0.00,0,1
10/3/16,75,63.5,57,0.00,0,1
10/4/16,79,66.6,58,0.00,0,1
10/5/16,85,70,59,0.00,0,1
10/6/16,78,66.3,60,0.00,0,1
10/7/16,75,64.5,58,0.00,0,1
10/8/16,75,65.8,60,0.00,0,1
10/9/16,72,63.8,60,0.00,0,1
10/10/16,71,62.8,58,0.00,0,1
10/11/16,70,63.3,57,4.32,1,1
10/12/16,67,61.8,57,9.41,1,1
10/13/16,69,61.3,56,0.22,1,1
10/14/16,68,61.8,56,0.00,0,1
10/15/16,71,63,58,5.50,1,1
10/16/16,70,63.8,60,0.07,1,1
10/17/16,69,64.4,61,0.99,1,1
10/18/16,80,68.8,63,0.04,1,1
10/19/16,75,68,64,0.00,0,1
10/20/16,71,65,61,0.00,0,1
10/21/16,67,62.8,60,0.28,1,1
10/22/16,69,64.5,60,4.08,1,1
10/23/16,65,61,57,3.84,1,1
10/24/16,65,59.9,55,4.95,1,1
10/25/16,71,65.3,62,3.43,1,1
10/26/16,78,69.1,61,0.00,0,1
10/27/16,79,73.2,69,0.00,0,1
10/28/16,81,73.2,67,0.00,0,1
10/29/16,80,70.6,64,0.00,0,1
10/30/16,75,67.2,60,0.00,0,1
10/31/16,76,64.4,56,0.00,0,1
11/1/16,72,65.8,60,0.00,0,1
11/2/16,71,64.3,60,2.74,1,1
11/3/16,72,63.9,59,0.27,1,1
11/4/16,68,62.9,61,14.37,1,1
11/5/16,64,59.8,54,3.98,1,1
11/6/16,63,55.8,52,0.00,0,1
11/7/16,59,52.9,50,0.07,1,1
11/8/16,62,54.8,49,0.00,0,1
11/9/16,66,60.5,56,0.40,1,1
11/10/16,65,58.5,54,0.00,0,1
11/11/16,62,57.5,51,0.00,0,1
11/12/16,66,61.7,58,3.39,1,1
11/13/16,68,61.4,56,0.25,1,1
11/14/16,67,60.1,55,0.00,0,1
11/15/16,65,57.5,51,0.00,0,1
11/16/16,67,58,51,0.00,0,1
11/17/16,65,57.8,51,0.00,0,1
11/18/16,63,58.5,55,1.19,1,1
11/19/16,63,58,51,1.10,1,1
11/20/16,63,61.3,60,6.52,1,1
11/21/16,61,56,49,14.83,1,1
11/22/16,55,49.5,45,0.32,1,1
11/23/16,57,50.8,45,0.05,1,1
11/24/16,57,52.1,46,5.25,1,1
11/25/16,58,55,52,9.49,1,1
11/26/16,56,52,49,3.04,1,1
11/27/16,60,53.9,49,0.99,1,1
11/28/16,62,56,51,0.14,1,1
11/29/16,58,52.9,47,0.27,1,1
11/30/16,60,55.5,52,3.66,1,1
12/1/16,58,55.2,52,2.81,1,1
12/2/16,58,53.7,50,0.25,1,1
12/3/16,59,57.4,55,5.72,1,1
12/4/16,62,58.1,56,16.08,1,1
12/5/16,65,59.2,54,0.08,1,1
12/6/16,65,57.7,53,0.00,0,1
12/7/16,59,55.4,52,0.06,1,1
12/8/16,61,54.6,50,0.00,0,1
12/9/16,65,56,48,0.04,1,1
12/10/16,64,57.5,54,0.00,0,1
12/11/16,64,56.8,51,0.36,1,1
12/12/16,60,54.1,49,0.00,0,1
12/13/16,55,51.6,48,0.34,1,1
12/14/16,59,55.4,51,15.57,1,1
12/15/16,58,53.2,48,4.84,1,1
12/16/16,53,50.6,47,3.96,1,1
12/17/16,60,54.7,49,0.00,0,1
12/18/16,59,54.4,51,0.00,0,1
12/19/16,60,52.9,47,0.00,0,1
12/20/16,58,49.9,41,0.00,0,1
12/21/16,58,51.9,45,0.00,0,1
12/22/16,59,52.3,47,0.00,0,1
12/23/16,60,51.3,45,0.00,0,1
12/24/16,60,52.3,46,0.32,1,1
12/25/16,58,51.9,47,0.00,0,1
12/26/16,57,50.8,45,0.00,0,1
12/27/16,55,48.8,43,0.00,0,1
12/28/16,57,50.4,44,0.02,1,1
12/29/16,58,52.1,46,0.00,0,1
12/30/16,58,51,45,0.00,0,1
12/31/16,55,48.5,43,0.00,0,1
1/1/17,50,46,42,0.00,0,1
1/2/17,59,53.9,48,0.44,1,1
1/3/17,64,59.9,55,0.15,1,1
1/4/17,58,55.1,53,0.00,1,1
1/5/17,54,50.6,49,0.23,1,1
1/6/17,55,49.3,46,0.00,0,1
1/7/17,56,49.6,44,0.00,0,1
1/8/17,55,48.1,42,0.00,0,1
1/9/17,61,50,40,0.00,0,1
1/10/17,59,55,52,0.00,0,1
1/11/17,64,57.2,52,0.00,0,1
1/12/17,57,52,46,0.00,0,1
1/13/17,56,51.9,48,0.00,0,1
1/14/17,54,48.5,44,0.06,1,1
1/15/17,56,47.8,41,0.00,0,1
1/16/17,58,48.5,40,0.00,0,1
1/17/17,63,51.5,42,0.00,0,1
1/18/17,49,43.8,39,0.00,0,1
1/19/17,50,42.1,36,0.00,0,1
1/20/17,52,43.6,36,0.00,0,1
1/21/17,56,47.6,39,0.00,0,1
1/22/17,57,50.2,43,0.01,1,1
1/23/17,58,50.7,46,0.00,0,1
1/24/17,57,50,44,0.00,0,1
1/25/17,55,46.5,35,0.02,1,1
1/26/17,55,53.6,51,0.29,1,1
1/27/17,55,51.4,48,0.24,1,1
1/28/17,59,52.3,47,0.00,1,1
1/29/17,60,57.3,55,0.03,1,1
1/30/17,59,56,54,0.00,1,1
1/31/17,54,52.6,50,0.30,1,1
2/1/17,60,54.9,49,0.04,1,1
2/2/17,60,57.8,56,0.09,1,1
2/3/17,60,58.1,56,0.07,1,1
2/4/17,61,58.8,57,0.07,1,1
2/5/17,59,55.2,50,0.00,0,1
2/6/17,62,55.2,47,0.00,0,1
2/7/17,59,55.4,50,0.07,1,1
2/8/17,58,51.4,47,0.00,0,1
2/9/17,57,47.4,41,0.06,1,1
2/10/17,50,45.7,43,0.11,1,1
2/11/17,52,47.1,43,0.04,1,1
2/12/17,58,52.3,48,0.09,1,1
2/13/17,58,54.5,50,0.08,1,1
2/14/17,62,56.2,50,0.04,1,1
2/15/17,63,55.5,50,0.00,0,1
2/16/17,66,56.9,50,0.00,0,1
2/17/17,65,55.7,49,0.00,0,1
2/18/17,60,54.4,51,0.00,1,1
2/19/17,63,54.5,47,0.00,1,1
2/20/17,65,56.8,50,0.00,0,1
2/21/17,64,58,52,0.00,0,1
2/22/17,67,59,52,0.00,0,1
2/23/17,63,56.8,54,0.00,0,1
2/24/17,62,56,51,0.00,0,1
2/25/17,60,54.3,51,0.00,0,1
2/26/17,60,54.4,50,0.00,0,1
2/27/17,60,55,51,0.01,1,1
2/28/17,59,54.8,52,0.01,1,1
3/1/17,58,54.9,51,0.00,0,1
3/2/17,62,54.7,48,0.00,0,1
3/3/17,55,50.3,46,0.32,1,1
3/4/17,58,51.5,45,0.17,1,1
3/5/17,61,58.7,57,0.04,1,1
3/6/17,63,58.4,55,0.01,1,1
3/7/17,71,60,53,0.00,0,1
3/8/17,71,60.6,49,0.00,0,1
3/9/17,79,65,53,0.00,0,1
3/10/17,76,63.9,53,0.00,0,1
3/11/17,66,59,53,0.00,0,1
3/12/17,62,56,52,0.00,0,1
3/13/17,61,55,50,0.00,0,1
3/14/17,62,57.9,54,0.00,1,1
3/15/17,71,62.5,58,0.00,0,1
3/16/17,67,58.7,51,0.00,0,1
3/17/17,65,59.9,55,0.02,1,1
3/18/17,75,62,51,0.00,0,1
3/19/17,72,58.8,50,0.00,0,1
3/20/17,62,55.7,53,0.00,0,1
3/21/17,62,56.5,52,0.02,1,1
3/22/17,56,51.8,46,0.03,1,1
3/23/17,52,46.5,43,0.05,1,1
3/24/17,53,47.4,42,0.22,1,1
3/25/17,56,50.1,45,0.13,1,1
3/26/17,53,50.2,48,0.58,1,1
3/27/17,62,56.8,52,0.08,1,1
3/28/17,65,55.9,49,0.00,0,1
3/29/17,71,59.7,49,0.00,0,1
3/30/17,69,60,53,0.00,0,1
3/31/17,65,58.8,53,0.00,0,1
4/1/17,63,56.8,53,0.00,0,1
4/2/17,70,57.7,49,0.00,0,1
4/3/17,74,60.5,52,0.00,0,1
4/4/17,71,61.4,56,0.00,0,1
4/5/17,77,66.5,55,0.00,0,1
4/6/17,74,64.6,55,0.00,0,1
4/7/17,78,65.7,55,0.00,0,1
4/8/17,76,65.8,58,0.00,0,1
4/9/17,76,65.3,55,0.00,0,1
4/10/17,77,66.6,57,0.00,0,1
4/11/17,83,68.7,59,0.00,0,1
4/12/17,82,67.4,57,0.00,0,1
4/13/17,69,61.5,55,0.00,0,1
4/14/17,70,61.8,56,0.00,0,1
4/15/17,72,62.5,57,0.00,0,1
4/16/17,75,63.4,55,0.00,0,1
4/17/17,82,65.3,53,0.00,0,1
4/18/17,75,68.8,62,0.06,1,1
4/19/17,74,66.4,60,0.00,0,1
4/20/17,80,68.2,59,0.00,0,1
4/21/17,73,64.7,58,0.00,0,1
4/22/17,74,63.8,58,0.00,0,1
4/23/17,75,66.7,61,0.00,0,1
4/24/17,76,64.3,57,0.00,0,1
4/25/17,67,60.1,56,0.00,0,1
4/26/17,63,57.7,54,0.00,0,1
4/27/17,69,59.1,50,0.00,0,1
4/28/17,71,61.4,55,0.00,0,1
4/29/17,65,58.9,53,0.00,0,1
4/30/17,64,58.9,53,3.65,1,1
5/1/17,67,57.4,51,0.00,0,1
5/2/17,78,62.4,50,0.00,0,1
5/3/17,84,69,56,0.00,0,1
5/4/17,70,64.6,60,0.06,1,1
5/5/17,66,60.8,56,4.50,1,1
5/6/17,70,63.3,58,0.38,1,1
5/7/17,79,67.1,56,0.00,0,1
5/8/17,80,68.8,60,0.00,0,1
5/9/17,68,63.6,58,1.52,1,1
5/10/17,65,62.2,60,1.53,1,1
5/11/17,66,61.5,57,3.57,1,1
5/12/17,67,61.9,57,1.75,1,1
5/13/17,66,62.5,57,0.36,1,1
5/14/17,71,65.3,61,0.36,1,1
5/15/17,82,69.6,60,0.36,1,1
5/16/17,87,74.3,68,0.34,1,1
5/17/17,76,67.8,58,0.00,0,1
5/18/17,67,60.7,56,0.00,0,1
5/19/17,71,58.4,0,0.00,0,1
5/20/17,86,70.5,54,0.00,0,1
5/21/17,80,71.2,66,0.00,0,1
5/22/17,78,68.9,63,0.00,0,1
5/23/17,90,74.6,61,0.00,0,1
5/24/17,87,75.4,64,0.00,0,1
5/25/17,86,74.5,63,0.66,1,1
5/26/17,73,65.4,62,0.00,0,1
5/27/17,73,65.6,60,0.00,0,1
5/28/17,73,65.9,62,0.75,1,1
5/29/17,71,65.6,62,1.65,1,1
5/30/17,74,66.5,61,0.35,1,1
5/31/17,77,66.7,61,0.00,0,1
6/1/17,80,66.6,60,0.00,0,1
6/2/17,78,66.7,59,0.00,0,1
6/3/17,71,64.4,60,0.00,0,1
6/4/17,71,64,59,0.00,0,1
6/5/17,74,65.7,58,0.00,0,1
6/6/17,75,66.6,60,0.05,1,1
6/7/17,91,74,59,0.00,0,1
6/8/17,77,70.8,63,0.00,0,1
6/9/17,79,69.9,64,0.00,0,1
6/10/17,84,71.5,63,0.00,0,1
6/11/17,83,71.3,64,0.00,0,1
6/12/17,90,74.5,63,0.00,0,1
6/13/17,89,75.4,63,0.00,0,1
6/14/17,81,72.2,64,0.00,0,1
6/15/17,84,71.5,61,0.00,0,1
6/16/17,96,78.6,62,0.00,0,1
6/17/17,105,88.5,74,0.00,0,1
6/18/17,99,87.7,78,0.00,0,1
6/19/17,98,83.2,75,0.00,0,1
6/20/17,90,79.6,71,0.00,0,1
6/21/17,79,71.8,66,0.00,0,1
6/22/17,80,70.6,64,0.00,0,1
6/23/17,83,72.8,63,0.00,0,1
6/24/17,77,70.3,65,0.00,0,1
6/25/17,77,67.9,64,0.13,1,1
6/26/17,77,68.1,63,0.00,0,1
6/27/17,75,68.9,63,0.00,0,1
6/28/17,74,68.4,63,0.50,1,1
6/29/17,71,65.3,61,0.00,0,1
6/30/17,71,64.1,59,0.12,1,1
7/1/17,78,67,58,0.00,0,1
7/2/17,92,76.6,62,0.00,0,1
7/3/17,97,82.4,68,0.00,0,1
7/4/17,85,74.8,65,0.00,0,1
7/5/17,73,67.3,63,0.00,0,1
7/6/17,74,67.2,62,0.40,1,1
7/7/17,75,68.5,63,0.00,0,1
7/8/17,71,66.5,64,0.00,0,1
7/9/17,77,68.6,63,0.00,0,1
7/10/17,77,68,63,0.00,0,1
7/11/17,84,71.1,61,0.00,0,1
7/12/17,90,76.8,66,0.00,0,1
7/13/17,90,77.8,70,0.00,0,1
7/14/17,86,73.3,64,0.00,0,1
7/15/17,89,74,63,0.00,0,1
7/16/17,89,74.3,63,0.00,0,1
7/17/17,85,71.2,62,0.00,0,1
7/18/17,75,69,64,0.00,0,1
7/19/17,78,69.8,65,0.15,1,1
7/20/17,73,66.5,62,0.00,0,1
7/21/17,75,66.7,61,0.00,0,1
7/22/17,78,69.3,63,0.00,0,1
7/23/17,82,71.1,61,0.00,0,1
7/24/17,80,70.5,65,0.00,0,1
7/25/17,89,77.9,64,0.11,1,1
7/26/17,90,76.4,67,0.00,0,1
7/27/17,83,71,63,0.00,0,1
7/28/17,90,74.7,67,0.00,0,1
7/29/17,89,73.4,66,0.00,0,1
7/30/17,81,71.5,65,0.00,0,1
7/31/17,72,66.7,61,0.11,1,1
8/1/17,78,68.5,61,0.00,0,1
8/2/17,80,70.4,62,0.00,0,1
8/3/17,87,75.4,67,0.00,0,1
8/4/17,88,75.9,69,0.00,0,1
8/5/17,79,71.1,65,0.00,0,1
8/6/17,85,71.3,61,0.00,0,1
8/7/17,77,67.4,62,0.00,0,1
8/8/17,77,66.9,60,0.00,0,1
8/9/17,73,65.8,60,0.00,0,1
8/10/17,86,72.6,63,0.00,0,1
8/11/17,93,83.6,75,0.00,0,1
8/12/17,96,80.7,67,0.00,0,1
8/13/17,92,78.5,70,0.00,0,1
8/14/17,85,72,63,0.00,0,1
8/15/17,84,70.9,63,0.00,0,1
8/16/17,85,71.8,63,0.00,0,1
8/17/17,89,74.8,67,0.00,0,1
8/18/17,84,73.7,64,0.00,0,1
8/19/17,86,74.4,65,0.00,0,1
8/20/17,93,79.8,68,0.00,0,1
8/21/17,89,79.4,73,0.00,0,1
8/22/17,89,76.1,67,0.00,0,1
8/23/17,86,73,64,0.00,0,1
8/24/17,84,70.5,64,0.00,0,1
8/25/17,84,71,60,0.00,0,1
8/26/17,84,73.5,67,0.00,0,1
8/27/17,76,69.5,64,0.00,0,1
8/28/17,73,66.8,63,2.58,1,1
8/29/17,74,67.5,63,1.43,1,1
8/30/17,79,69.3,64,0.00,0,1
8/31/17,83,69.8,62,0.00,0,1
9/1/17,85,67.7,64.4,0.00,0,1
9/2/17,91,76.1,67,0.00,0,1
9/3/17,81,70.8,62,0.00,0,1
9/4/17,78,70.8,66,0.06,1,1
9/5/17,80,70.9,65,0.00,0,1
9/6/17,85,73.2,65,0.00,0,1
9/7/17,93,77.2,67,0.12,1,1
9/8/17,78,68.9,63,0.00,0,1
9/9/17,74,66.9,62,0.00,0,1
1/1/15,64,51.2,39,0.15,1,0
1/2/15,61,51.6,43,0.10,1,0
1/3/15,63,53.5,43,0.00,0,0
1/4/15,64,52.2,41,0.00,0,0
1/5/15,59,53.1,46,0.03,1,0
1/6/15,61,51.8,45,0.00,0,0
1/7/15,61,48.7,44.6,0.00,0,0
1/8/15,63,53,43,0.05,1,0
1/9/15,64,56.5,50,0.00,0,0
1/10/15,63,55.3,46,0.00,0,0
1/11/15,64,52.9,43,0.00,0,0
1/12/15,64,56,45,0.09,1,0
1/13/15,63,55.4,50,0.05,1,0
1/14/15,63,53.4,45,0.15,1,0
1/15/15,63,55.2,45,1.77,1,0
1/16/15,55,50.9,46,0.30,1,0
1/17/15,57,50.7,41,3.04,1,0
1/18/15,64,56.8,52,5.01,1,0
1/19/15,57,49.7,45,0.13,1,0
1/20/15,57,49.3,45,0.99,1,0
1/21/15,59,50.2,43,0.89,1,0
1/22/15,61,53.8,48,0.36,1,0
1/23/15,63,56.3,50,0.19,1,0
1/24/15,59,51,43,0.00,0,0
1/25/15,72,54.6,39,0.00,0,0
1/26/15,64,54.7,45,0.02,1,0
1/27/15,63,52,41,0.00,0,0
1/28/15,64,54,43,0.00,0,0
1/29/15,63,55.8,48,0.11,1,0
1/30/15,64,59.3,57,0.37,1,0
1/31/15,63,57.3,46,0.64,1,0
2/1/15,57,49.3,43,0.06,1,0
2/2/15,55,50.2,41,0.14,1,0
2/3/15,59,54.4,50,0.10,1,0
2/4/15,57,50.5,45,0.08,1,0
2/5/15,55,47.6,41,0.00,0,0
2/6/15,57,47,37,1.33,1,0
2/7/15,54,45.8,39,0.00,0,0
2/8/15,57,48.9,43,0.00,0,0
2/9/15,59,52.7,45,0.00,0,0
2/10/15,55,53.3,50,0.44,1,0
2/11/15,55,52.6,48,0.07,1,0
2/12/15,59,54,48,1.20,1,0
2/13/15,59,52.1,43,0.28,1,0
2/14/15,61,55.4,50,1.49,1,0
2/15/15,61,57,54,0.31,1,0
2/16/15,59,55.4,52,0.10,1,0
2/17/15,63,55.1,48,0.00,0,0
2/18/15,64,56.3,50,0.00,0,0
2/19/15,63,55.2,48,0.00,0,0
2/20/15,59,53.6,46,0.06,1,0
2/21/15,68,57.2,52,0.29,1,0
2/22/15,63,54.9,50,0.00,0,0
2/23/15,63,56.3,52,0.15,1,0
2/24/15,63,53.5,45,0.00,0,0
2/25/15,63,55.3,48,0.00,0,0
2/26/15,70,58,48,0.00,0,0
2/27/15,68,58.1,54,0.04,1,0
2/28/15,68,59.8,52,0.03,1,0
3/1/15,64,57.6,52,0.00,0,0
3/2/15,61,57,50,0.00,0,0
3/3/15,64,57.4,52,0.00,0,0
3/4/15,73,60.7,54,0.00,0,0
3/5/15,66,59.8,54,0.00,0,0
3/6/15,66,58,50,0.00,0,0
3/7/15,66,57.4,50,0.00,0,0
3/8/15,64,56.1,45,0.00,0,0
3/9/15,64,57.5,52,0.00,0,0
3/10/15,66,57.8,50,0.00,0,0
3/11/15,66,57.7,48,0.00,0,0
3/12/15,70,60,50,0.00,0,0
3/13/15,70,57.9,52,0.00,0,0
3/14/15,73,60.5,48,0.00,0,0
3/15/15,63,57.9,50,0.00,0,0
3/16/15,61,54.9,45,0.00,0,0
3/17/15,59,54.9,50,7.36,1,0
3/18/15,59,53.1,48,1.22,1,0
3/19/15,59,54.5,52,0.00,0,0
3/20/15,61,56.7,52,0.66,1,0
3/21/15,61,57.1,54,0.14,1,0
3/22/15,61,56.4,52,0.19,1,0
3/23/15,63,55.1,48,0.09,1,0
3/24/15,63,54.4,46,0.53,1,0
3/25/15,64,57.2,50,0.00,0,0
3/26/15,70,58.7,50,0.00,0,0
3/27/15,68,60.2,54,0.00,0,0
3/28/15,79,66.1,52,0.00,0,0
3/29/15,82,68.9,55,0.00,0,0
3/30/15,75,65.4,55,0.00,0,0
3/31/15,75,66.5,55,0.00,0,0
4/1/15,81,69,59,0.00,0,0
4/2/15,73,66.5,61,0.00,0,0
4/3/15,66,62.4,57,0.00,0,0
4/4/15,70,63.7,57,0.00,0,0
4/5/15,66,62.8,59,0.00,0,0
4/6/15,64,61.8,59,4.12,1,0
4/7/15,66,61.8,59,0.54,1,0
4/8/15,61,59,57,3.30,1,0
4/9/15,64,61,57,2.12,1,0
4/10/15,64,60.9,57,0.20,1,0
4/11/15,66,60.7,52,0.00,0,0
4/12/15,70,61.8,55,0.00,0,0
4/13/15,70,63.5,55,0.00,0,0
4/14/15,68,63.5,59,0.00,0,0
4/15/15,66,60.7,57,18.86,1,0
4/16/15,68,60.8,54,0.44,1,0
4/17/15,68,61.9,55,0.00,0,0
4/18/15,72,61.7,54,0.00,0,0
4/19/15,72,61.5,52,0.00,0,0
4/20/15,68,62.7,54,0.19,1,0
4/21/15,70,63.9,57,0.00,0,0
4/22/15,66,63.6,59,0.00,0,0
4/23/15,68,62.8,55,0.00,0,0
4/24/15,66,60.8,52,0.65,1,0
4/25/15,68,63.8,61,2.33,1,0
4/26/15,66,63.3,59,7.83,1,0
4/27/15,68,62.5,57,0.37,1,0
4/28/15,68,61.9,55,0.00,0,0
4/29/15,73,63,54,0.00,0,0
4/30/15,70,64.4,57,0.00,0,0
5/1/15,75,67.5,59,0.00,0,0
5/2/15,75,68.1,61,0.00,0,0
5/3/15,70,64.4,59,0.95,1,0
5/4/15,68,64,61,0.55,1,0
5/5/15,70,62.8,55,0.00,0,0
5/6/15,68,63,55,0.00,0,0
5/7/15,70,63.9,55,0.00,0,0
5/8/15,70,66,63,0.00,0,0
5/9/15,79,70,61,0.00,0,0
5/10/15,82,73.9,64,0.00,0,0
5/11/15,77,71.5,66,0.00,0,0
5/12/15,81,72.1,63,0.00,0,0
5/13/15,91,78,66,0.00,0,0
5/14/15,91,79.9,64,0.00,0,0
5/15/15,86,72.4,57,0.00,0,0
5/16/15,82,74.3,66,0.00,0,0
5/17/15,84,74,64,0.00,0,0
5/18/15,77,71.1,63,0.00,0,0
5/19/15,82,71.6,61,0.00,0,0
5/20/15,81,69.9,59,0.00,0,0
5/21/15,75,68.7,63,0.00,0,0
5/22/15,73,68,63,0.00,0,0
5/23/15,73,67.9,63,0.00,0,0
5/24/15,73,68,63,0.00,0,0
5/25/15,72,68.3,64,0.00,0,0
5/26/15,73,68.4,61,0.00,0,0
5/27/15,79,72.2,64,0.00,0,0
5/28/15,84,75,66,0.00,0,0
5/29/15,75,71.4,66,0.00,0,0
5/30/15,75,70.5,64,0.00,0,0
5/31/15,86,74,66,0.00,0,0
6/1/15,75,71.5,63,0.00,0,0
6/2/15,81,75.1,66,0.00,0,0
6/3/15,88,78.7,68,0.00,0,0
6/4/15,82,77.1,72,0.00,0,0
6/5/15,82,74.7,64,0.00,0,0
6/6/15,84,76.6,68,0.00,0,0
6/7/15,82,76.8,72,0.00,0,0
6/8/15,79,75.2,70,0.00,0,0
6/9/15,77,71.9,68,0.00,0,0
6/10/15,70,68,64,0.00,0,0
6/11/15,72,68.8,64,0.00,0,0
6/12/15,72,67.1,61,0.00,0,0
6/13/15,72,64.6,57,0.81,1,0
6/14/15,72,66,61,4.29,1,0
6/15/15,73,66.3,57,0.48,1,0
6/16/15,75,69.6,61,0.00,0,0
6/17/15,84,76.2,70,0.00,0,0
6/18/15,82,75.1,68,0.00,0,0
6/19/15,81,75.1,64,0.00,0,0
6/20/15,84,77.7,70,0.00,0,0
6/21/15,77,72.9,70,0.00,0,0
6/22/15,77,70.9,63,0.00,0,0
6/23/15,75,69.5,63,0.00,0,0
6/24/15,75,69.5,61,0.00,0,0
6/25/15,79,72.3,61,0.00,0,0
6/26/15,88,78.2,68,0.00,0,0
6/27/15,95,86.3,72,0.00,0,0
6/28/15,88,81.5,72,0.00,0,0
6/29/15,77,73.2,68,0.00,0,0
6/30/15,70,68.5,68,0.00,0,0
7/1/15,77,70.2,63,2.16,1,0
7/2/15,81,73.2,64,0.00,0,0
7/3/15,81,74.5,66,0.00,0,0
7/4/15,84,76.2,64,0.00,0,0
7/5/15,84,80.6,75,0.00,0,0
7/6/15,84,78.7,72,0.00,0,0
7/7/15,91,82.2,72,0.00,0,0
7/8/15,86,79.8,73,0.00,0,0
7/9/15,79,74.7,70,0.00,0,0
7/10/15,91,73.4,63,0.00,0,0
7/11/15,95,78.6,66,0.00,0,0
7/12/15,82,77.3,72,0.00,0,0
7/13/15,84,76.6,66,0.00,0,0
7/14/15,82,76.4,70,0.00,0,0
7/15/15,90,81.8,73,0.00,0,0
7/16/15,90,82.6,77,0.00,0,0
7/17/15,88,79.9,73,0.00,0,0
7/18/15,90,78.3,70,0.00,0,0
7/19/15,84,77.9,70,0.00,0,0
7/20/15,88,79.1,72,0.00,0,0
7/21/15,86,80.2,73,0.00,0,0
7/22/15,95,83.4,73,0.00,0,0
7/23/15,97,80.5,72,0.00,0,0
7/24/15,90,78,72,0.05,1,0
7/25/15,84,74,64,0.00,0,0
7/26/15,82,74.5,70,0.00,0,0
7/27/15,88,81.5,73,0.00,0,0
7/28/15,90,79.7,72,0.00,0,0
7/29/15,99,82.1,72,0.00,0,0
7/30/15,82,75.3,72,0.00,0,0
7/31/15,81,71.6,66,0.00,0,0
8/1/15,77,71.5,64,0.00,0,0
8/2/15,88,79.8,68,0.00,0,0
8/3/15,81,72.9,66,0.00,0,0
8/4/15,79,72,64,0.00,0,0
8/5/15,82,74.3,63,0.00,0,0
8/6/15,86,77.4,68,0.00,0,0
8/7/15,93,82.4,77,0.00,0,0
8/8/15,86,79.1,72,0.00,0,0
8/9/15,90,82.8,73,0.00,0,0
8/10/15,82,77,70,0.00,0,0
8/11/15,79,73.3,68,0.00,0,0
8/12/15,84,75.8,70,0.00,0,0
8/13/15,86,73,64,0.00,0,0
8/14/15,84,70.9,63,0.00,0,0
8/15/15,84,71.3,61,0.00,0,0
8/16/15,75,71.2,66,0.00,0,0
8/17/15,79,72.1,64,0.00,0,0
8/18/15,75,70.8,66,0.00,0,0
8/19/15,75,70.1,64,0.00,0,0
8/20/15,86,76.7,68,0.00,0,0
8/21/15,77,70.9,64,0.00,0,0
8/22/15,81,69,64,0.00,0,0
8/23/15,72,68.5,64,2.39,1,0
8/24/15,75,69.6,64,0.15,1,0
8/25/15,77,72.7,68,0.00,0,0
8/26/15,81,74.3,64,0.00,0,0
8/27/15,82,75.3,66,0.00,0,0
8/28/15,84,77.6,68,0.00,0,0
8/29/15,86,79.7,75,0.00,0,0
8/30/15,82,75.7,68,0.00,0,0
8/31/15,75,70.7,66,0.00,0,0
9/1/15,75,70.3,63,0.00,0,0
9/2/15,79,70.2,64,0.00,0,0
9/3/15,73,67.9,61,0.00,0,0
9/4/15,73,67.3,61,0.00,0,0
9/5/15,70,66,61,0.00,0,0
9/6/15,73,68,59,0.00,0,0
9/7/15,75,69.5,64,0.00,0,0
9/8/15,73,68.4,63,0.00,0,0
9/9/15,77,71.3,64,0.00,0,0
9/10/15,77,70.7,63,0.00,0,0
9/11/15,73,69.6,63,0.00,0,0
9/12/15,75,70.5,66,0.00,0,0
9/13/15,70,65.8,59,0.33,1,0
9/14/15,73,69.1,64,0.00,0,0
9/15/15,72,65.9,59,0.90,1,0
9/16/15,72,67.4,63,2.71,1,0
9/17/15,72,65.4,55,0.05,1,0
9/18/15,79,70.7,64,0.00,0,0
9/19/15,84,74.2,63,0.00,0,0
9/20/15,81,75,70,0.00,0,0
9/21/15,77,72.7,68,0.00,0,0
9/22/15,81,71.7,64,0.00,0,0
9/23/15,75,67.3,59,0.00,0,0
9/24/15,75,67.9,63,0.00,0,0
9/25/15,73,68.5,64,0.00,0,0
9/26/15,75,68.7,64,0.00,0,0
9/27/15,81,71.4,63,0.00,0,0
9/28/15,79,72.6,66,0.00,0,0
9/29/15,77,71.6,68,0.09,1,0
9/30/15,75,68.8,63,0.00,0,0
10/1/15,75,69.4,59,0.00,0,0
10/2/15,77,70.9,64,0.00,0,0
10/3/15,73,69,64,0.00,0,0
10/4/15,75,71.9,68,2.91,1,0
10/5/15,73,71.2,68,13.37,1,0
10/6/15,73,69.1,66,0.27,1,0
10/7/15,73,66,59,0.00,0,0
10/8/15,72,64.9,57,0.00,0,0
10/9/15,72,65,59,0.00,0,0
10/10/15,68,65.3,64,5.85,1,0
10/11/15,70,66.9,64,0.64,1,0
10/12/15,72,67.5,66,7.46,1,0
10/13/15,72,67.1,64,1.67,1,0
10/14/15,72,66.4,63,0.00,0,0
10/15/15,72,66.5,61,0.00,0,0
10/16/15,72,66.3,59,0.00,0,0
10/17/15,75,69.6,66,8.00,1,0
10/18/15,72,66.1,63,8.05,1,0
10/19/15,73,67.4,64,0.36,1,0
10/20/15,70,66.9,64,8.47,1,0
10/21/15,73,68.4,64,0.00,0,0
10/22/15,73,66.8,61,0.00,0,0
10/23/15,70,65.5,61,0.00,0,0
10/24/15,72,66.2,64,0.82,1,0
10/25/15,72,67.9,64,2.61,1,0
10/26/15,72,68.5,64,17.73,1,0
10/27/15,68,63.3,57,1.02,1,0
10/28/15,70,64.1,59,0.78,1,0
10/29/15,70,63.4,57,0.21,1,0
10/30/15,72,64.5,57,0.13,1,0
10/31/15,68,63.8,61,5.43,1,0
11/1/15,66,60.1,55,5.00,1,0
11/2/15,66,63.1,59,5.25,1,0
11/3/15,68,63.7,57,0.21,1,0
11/4/15,70,65.2,59,6.82,1,0
11/5/15,70,64.7,59,1.08,1,0
11/6/15,73,66.8,61,0.00,0,0
11/7/15,73,67.8,61,0.00,0,0
11/8/15,72,67.8,63,0.00,0,0
11/9/15,73,65.4,59,0.08,1,0
11/10/15,70,64.7,57,0.00,0,0
11/11/15,70,62.1,54,0.00,0,0
11/12/15,70,62.1,54,0.00,0,0
11/13/15,70,62,55,0.06,1,0
11/14/15,72,63.8,55,0.07,1,0
11/15/15,70,63.7,59,0.00,0,0
11/16/15,70,62.5,57,0.00,0,0
11/17/15,68,61.3,54,0.00,0,0
11/18/15,68,59.9,52,0.33,1,0
11/19/15,68,59.8,48,0.00,0,0
11/20/15,70,60.7,52,0.12,1,0
11/21/15,70,60.3,54,0.35,1,0
11/22/15,63,53.8,45,0.91,1,0
11/23/15,63,55.6,48,0.23,1,0
11/24/15,63,54.1,48,0.00,0,0
11/25/15,72,59.1,48,0.25,1,0
11/26/15,70,59.5,52,0.28,1,0
11/27/15,68,60.1,52,0.00,0,0
11/28/15,66,58.2,48,0.00,0,0
11/29/15,68,61.2,57,0.00,0,0
11/30/15,64,60.5,55,0.00,0,0
12/1/15,64,60.2,57,0.02,1,0
12/2/15,66,58,52,0.00,0,0
12/3/15,70,59.8,48,0.17,1,0
12/4/15,68,58.6,50,0.00,0,0
12/5/15,66,58.6,52,0.00,0,0
12/6/15,64,60.4,54,0.02,1,0
12/7/15,64,61.1,59,0.43,1,0
12/8/15,64,59.4,54,0.00,0,0
12/9/15,66,62.6,59,0.00,0,0
12/10/15,66,62.2,57,0.00,0,0
12/11/15,64,60.8,57,0.00,0,0
12/12/15,66,60.7,57,0.03,1,0
12/13/15,68,64.1,61,2.49,1,0
12/14/15,68,64.8,63,3.37,1,0
12/15/15,68,62.2,57,0.22,1,0
12/16/15,68,61.8,57,0.00,0,0
12/17/15,66,59.5,55,0.00,0,0
12/18/15,64,58.9,54,0.00,0,0
12/19/15,66,59.6,52,0.06,1,0
12/20/15,64,58.8,50,0.12,1,0
12/21/15,66,57.9,48,0.00,0,0
12/22/15,66,58.2,52,0.07,1,0
12/23/15,64,56.3,50,0.06,1,0
12/24/15,63,57.8,54,0.00,0,0
12/25/15,61,56.9,50,0.02,1,0
12/26/15,63,59.3,55,0.03,1,0
12/27/15,66,61.3,55,0.11,1,0
12/28/15,66,63.8,59,2.03,1,0
12/29/15,64,58.3,54,0.09,1,0
12/30/15,66,61.1,54,1.26,1,0
12/31/15,66,63,59,0.11,1,0
1/1/16,66,62.5,57,1.93,1,0
1/2/16,63,57.9,55,0.02,1,0
1/3/16,64,61.6,55,0.78,1,0
1/4/16,66,63.6,61,3.55,1,0
1/5/16,61,55,50,1.19,1,0
1/6/16,63,56.2,46,0.87,1,0
1/7/16,63,62.2,59,0.46,1,0
1/8/16,63,62,57,2.83,1,0
1/9/16,63,59.3,52,1.23,1,0
1/10/16,64,62.6,61,2.88,1,0
1/11/16,64,58.7,50,4.60,1,0
1/12/16,61,53.9,46,0.00,0,0
1/13/16,63,55.3,48,0.00,0,0
1/14/16,63,58.4,55,3.06,1,0
1/15/16,63,56.3,50,0.00,0,0
1/16/16,59,53.3,50,0.00,0,0
1/17/16,59,52,48,1.13,1,0
1/18/16,63,54,46,0.07,1,0
1/19/16,61,54.6,45,5.60,1,0
1/20/16,63,59,55,0.39,1,0
1/21/16,64,60.5,57,3.19,1,0
1/22/16,66,61.5,59,0.43,1,0
1/23/16,64,61.2,59,0.27,1,0
1/24/16,64,61,59,0.19,1,0
1/25/16,64,58.8,52,12.32,1,0
1/26/16,64,54.7,48,0.11,1,0
1/27/16,59,53.7,46,0.00,0,0
1/28/16,61,54.8,50,5.71,1,0
1/29/16,63,54.6,48,0.00,0,0
1/30/16,64,55.9,50,0.00,0,0
1/31/16,64,56.2,48,0.00,0,0
2/1/16,68,58.3,50,0.00,0,0
2/2/16,64,56.7,48,0.00,0,0
2/3/16,63,55.9,48,0.00,0,0
2/4/16,64,59.3,55,0.00,0,0
2/5/16,63,58.5,55,0.00,0,0
2/6/16,64,61.2,57,4.05,1,0
2/7/16,63,58.2,50,0.33,1,0
2/8/16,63,57.4,48,0.39,1,0
2/9/16,64,60.2,57,0.75,1,0
2/10/16,63,61,59,3.96,1,0
2/11/16,64,61,55,0.72,1,0
2/12/16,63,60.8,59,1.84,1,0
2/13/16,64,60.7,59,1.17,1,0
2/14/16,63,55.9,48,2.48,1,0
2/15/16,61,54.6,48,1.23,1,0
2/16/16,57,49.8,43,0.00,0,0
2/17/16,57,50.8,41,5.66,1,0
2/18/16,57,51.6,48,0.26,1,0
2/19/16,61,54.4,46,0.00,0,0
2/20/16,63,57,52,0.00,0,0
2/21/16,64,58.4,54,0.87,1,0
2/22/16,63,57.1,50,0.00,0,0
2/23/16,66,55,48,0.00,0,0
2/24/16,63,54.1,46,1.51,1,0
2/25/16,61,54.5,50,0.09,1,0
2/26/16,59,51.7,46,6.03,1,0
2/27/16,54,47.5,43,1.92,1,0
2/28/16,61,52.5,45,1.18,1,0
2/29/16,64,54.8,46,0.00,0,0
3/1/16,63,53.6,43,0.00,0,0
3/2/16,66,56.5,48,0.00,0,0
3/3/16,61,55.8,50,0.00,0,0
3/4/16,64,55.7,48,0.47,1,0
3/5/16,63,53.1,43,0.18,1,0
3/6/16,63,53,45,0.25,1,0
3/7/16,63,53.6,46,0.77,1,0
3/8/16,64,54.8,46,0.00,0,0
3/9/16,64,56.2,46,0.15,1,0
3/10/16,64,55.8,50,0.00,0,0
3/11/16,61,54.6,48,0.00,0,0
3/12/16,64,57.5,45,0.00,0,0
3/13/16,63,54.8,43,0.00,0,0
3/14/16,61,54.2,45,0.00,0,0
3/15/16,63,56.4,50,3.46,1,0
3/16/16,63,55,46,0.08,1,0
3/17/16,61,54.8,46,0.00,0,0
3/18/16,61,56.4,50,3.98,1,0
3/19/16,61,56,48,3.49,1,0
3/20/16,59,55.2,48,2.51,1,0
3/21/16,61,53.8,45,1.95,1,0
3/22/16,66,56,48,0.00,0,0
3/23/16,61,55.2,50,0.78,1,0
3/24/16,68,58.5,48,0.00,0,0
3/25/16,63,56.6,46,0.00,0,0
3/26/16,63,56.3,46,1.98,1,0
3/27/16,64,58.5,52,0.00,0,0
3/28/16,63,55.3,46,0.00,0,0
3/29/16,64,56.9,48,0.00,0,0
3/30/16,64,57.7,50,1.63,1,0
3/31/16,64,55.9,46,0.66,1,0
4/1/16,64,56.8,50,0.00,0,0
4/2/16,61,55.1,46,3.68,1,0
4/3/16,63,58.2,54,2.83,1,0
4/4/16,61,57.8,54,3.27,1,0
4/5/16,68,58.7,52,0.12,1,0
4/6/16,68,60.5,52,0.00,0,0
4/7/16,68,61.5,54,0.00,0,0
4/8/16,70,62.2,54,0.00,0,0
4/9/16,68,58.6,52,0.06,1,0
4/10/16,63,56.7,52,1.89,1,0
4/11/16,63,58,52,1.19,1,0
4/12/16,63,58.9,54,2.09,1,0
4/13/16,64,59.9,52,0.93,1,0
4/14/16,66,61.6,59,6.96,1,0
4/15/16,66,61.6,59,9.18,1,0
4/16/16,66,62.3,59,3.08,1,0
4/17/16,64,59.6,55,0.00,0,0
4/18/16,68,61.6,54,2.33,1,0
4/19/16,66,62.4,59,1.05,1,0
4/20/16,63,58.8,54,0.00,0,0
4/21/16,64,60.1,54,1.62,1,0
4/22/16,66,62.2,57,0.21,1,0
4/23/16,66,63.5,61,0.31,1,0
4/24/16,70,64.8,59,0.00,0,0
4/25/16,77,67.9,61,0.00,0,0
4/26/16,70,65.9,59,0.00,0,0
4/27/16,66,61.2,55,0.00,0,0
4/28/16,68,61.2,54,0.00,0,0
4/29/16,70,64.6,59,0.00,0,0
4/30/16,73,67.3,57,0.00,0,0
5/1/16,77,70.3,64,0.00,0,0
5/2/16,81,69.9,63,0.00,0,0
5/3/16,79,69.7,59,0.00,0,0
5/4/16,72,66.7,64,0.00,0,0
5/5/16,68,63.6,61,4.35,1,0
5/6/16,66,61.6,57,3.61,1,0
5/7/16,64,59.6,54,11.75,1,0
5/8/16,66,62.1,57,2.35,1,0
5/9/16,66,62.5,59,1.60,1,0
5/10/16,66,60.9,57,4.05,1,0
5/11/16,64,60.7,54,9.65,1,0
5/12/16,66,61.4,57,2.91,1,0
5/13/16,70,60.6,54,1.03,1,0
5/14/16,70,61.9,54,0.00,0,0
5/15/16,70,64,54,0.00,0,0
5/16/16,77,70.8,64,0.00,0,0
5/17/16,79,73.2,70,0.00,0,0
5/18/16,73,68.2,63,0.00,0,0
5/19/16,75,67.8,59,0.00,0,0
5/20/16,82,72.6,66,0.00,0,0
5/21/16,73,68,63,0.00,0,0
5/22/16,79,67.3,61,0.00,0,0
5/23/16,77,68.4,55,0.00,0,0
5/24/16,70,65.3,61,0.86,1,0
5/25/16,68,63.7,59,0.02,1,0
5/26/16,68,63.6,57,0.00,0,0
5/27/16,72,65,57,0.03,1,0
5/28/16,70,65.1,61,7.38,1,0
5/29/16,68,63.7,57,0.36,1,0
5/30/16,77,65.7,55,0.00,0,0
5/31/16,81,69.8,57,0.00,0,0
6/1/16,81,73.1,64,0.08,1,0
6/2/16,77,71.5,64,0.00,0,0
6/3/16,72,65.7,61,0.00,0,0
6/4/16,73,65.3,57,0.00,0,0
6/5/16,73,68,61,0.00,0,0
6/6/16,77,71.2,63,0.00,0,0
6/7/16,88,77.9,68,0.00,0,0
6/8/16,84,78.2,68,0.00,0,0
6/9/16,93,80.2,72,0.00,0,0
6/10/16,81,72.3,63,0.00,0,0
6/11/16,86,72.4,61,0.00,0,0
6/12/16,88,73.6,63,0.00,0,0
6/13/16,93,80.3,70,0.00,0,0
6/14/16,86,72.4,64,0.40,1,0
6/15/16,73,66.3,61,0.59,1,0
6/16/16,73,65.6,57,0.36,1,0
6/17/16,79,68.2,59,0.00,0,0
6/18/16,86,71.6,63,0.00,0,0
6/19/16,81,74.8,68,0.00,0,0
6/20/16,84,75.8,70,0.00,0,0
6/21/16,84,76.7,70,0.00,0,0
6/22/16,79,73.4,64,0.00,0,0
6/23/16,75,71.3,68,0.00,0,0
6/24/16,88,75.3,68,0.00,0,0
6/25/16,81,71.8,64,0.00,0,0
6/26/16,75,70.4,64,0.00,0,0
6/27/16,79,72.2,66,0.00,0,0
6/28/16,84,76.9,68,0.00,0,0
6/29/16,81,74.7,68,0.00,0,0
6/30/16,90,76.4,68,0.00,0,0
7/1/16,82,73.4,64,0.00,0,0
7/2/16,86,76.6,66,0.00,0,0
7/3/16,88,80.9,73,0.00,0,0
7/4/16,79,73.7,70,0.12,1,0
7/5/16,77,72.3,68,0.00,0,0
7/6/16,75,70.1,66,0.00,0,0
7/7/16,73,69.3,66,0.31,1,0
7/8/16,88,76.5,66,0.00,0,0
7/9/16,90,84.3,75,0.00,0,0
7/10/16,88,81.3,72,0.00,0,0
7/11/16,99,83.8,73,0.00,0,0
7/12/16,95,80.4,68,0.00,0,0
7/13/16,82,75.8,64,0.00,0,0
7/14/16,86,78.3,72,0.00,0,0
7/15/16,86,79.9,72,0.00,0,0
7/16/16,86,79.4,72,0.00,0,0
7/17/16,84,78.8,73,0.00,0,0
7/18/16,81,76.8,73,0.00,0,0
7/19/16,90,80.9,73,0.00,0,0
7/20/16,86,80,75,0.00,0,0
7/21/16,95,80.6,70,0.00,0,0
7/22/16,90,77.1,68,0.19,1,0
7/23/16,86,77.7,72,0.00,0,0
7/24/16,90,80.2,73,0.00,0,0
7/25/16,91,83,75,0.00,0,0
7/26/16,88,80.9,73,0.00,0,0
7/27/16,81,75.4,68,0.00,0,0
7/28/16,82,75.2,70,0.00,0,0
7/29/16,82,73.8,68,0.00,0,0
7/30/16,75,72,68,0.00,0,0
7/31/16,91,76,66,0.00,0,0
8/1/16,86,78.3,66,0.00,0,0
8/2/16,81,75.5,72,0.00,0,0
8/3/16,88,76.7,68,0.00,0,0
8/4/16,97,81.3,70,0.00,0,0
8/5/16,90,77.7,70,0.00,0,0
8/6/16,88,80.8,73,0.00,0,0
8/7/16,88,82,77,0.00,0,0
8/8/16,91,81.7,75,0.00,0,0
8/9/16,88,80.1,75,0.00,0,0
8/10/16,81,77.1,68,0.00,0,0
8/11/16,88,80.2,72,0.00,0,0
8/12/16,86,80.2,73,0.00,0,0
8/13/16,86,79.3,72,0.00,0,0
8/14/16,84,77.7,70,0.00,0,0
8/15/16,84,77.8,72,0.00,0,0
8/16/16,82,77.3,70,0.00,0,0
8/17/16,90,77.7,70,0.00,0,0
8/18/16,84,76.1,68,0.00,0,0
8/19/16,86,76.8,66,0.09,1,0
8/20/16,91,79.1,72,0.00,0,0
8/21/16,79,73.6,68,0.00,0,0
8/22/16,86,80.4,72,0.00,0,0
8/23/16,88,81.5,73,0.00,0,0
8/24/16,88,79.7,73,0.45,1,0
8/25/16,86,79.4,73,0.00,0,0
8/26/16,86,79.5,75,0.00,0,0
8/27/16,84,78.3,73,0.00,0,0
8/28/16,90,80,72,0.00,0,0
8/29/16,88,80.1,72,0.00,0,0
8/30/16,86,75.2,68,0.00,0,0
8/31/16,75,71.8,64,0.00,0,0
9/1/16,84,77.3,70,0.00,0,0
9/2/16,86,78.9,73,0.00,0,0
9/3/16,90,80.4,72,0.00,0,0
9/4/16,91,83.8,77,0.00,0,0
9/5/16,93,82.7,73,0.00,0,0
9/6/16,90,82.2,73,0.00,0,0
9/7/16,81,76.2,72,0.00,0,0
9/8/16,86,75.7,70,0.00,0,0
9/9/16,84,72.6,64,0.00,0,0
9/10/16,84,75.3,66,0.00,0,0
9/11/16,79,72.8,66,0.00,0,0
9/12/16,81,72.3,66,0.00,0,0
9/13/16,79,72.2,64,7.49,1,0
9/14/16,79,67.3,61,0.00,0,0
9/15/16,79,68.2,59,0.42,1,0
9/16/16,75,68.8,63,0.00,0,0
9/17/16,84,74.2,64,0.00,0,0
9/18/16,81,73,66,0.00,0,0
9/19/16,79,71.6,66,0.00,0,0
9/20/16,72,67.4,64,0.00,0,0
9/21/16,72,66.8,59,0.00,0,0
9/22/16,73,67.6,61,0.00,0,0
9/23/16,73,67.7,61,0.00,0,0
9/24/16,75,69.9,61,0.00,0,0
9/25/16,77,71.8,64,0.07,1,0
9/26/16,77,72.9,70,0.00,0,0
9/27/16,84,77,68,0.00,0,0
9/28/16,81,75.1,68,0.00,0,0
9/29/16,84,75.6,68,0.00,0,0
9/30/16,79,74.2,68,0.00,0,0
10/1/16,79,72,64,0.00,0,0
10/2/16,75,69.4,64,0.00,0,0
10/3/16,73,68.5,61,0.00,0,0
10/4/16,77,70.4,61,0.00,0,0
10/5/16,77,71.1,64,0.00,0,0
10/6/16,77,70,64,0.00,0,0
10/7/16,75,67.5,57,0.00,0,0
10/8/16,77,69.7,59,0.00,0,0
10/9/16,75,66.3,59,0.00,0,0
10/10/16,70,63.6,55,0.00,0,0
10/11/16,72,65,57,4.63,1,0
10/12/16,68,65.7,63,6.80,1,0
10/13/16,72,63.5,55,0.16,1,0
10/14/16,72,63.8,57,0.00,0,0
10/15/16,68,61.9,52,2.06,1,0
10/16/16,72,63.6,55,0.11,1,0
10/17/16,73,66.8,59,1.30,1,0
10/18/16,81,71.4,64,0.06,1,0
10/19/16,75,70.2,64,0.00,0,0
10/20/16,72,67.1,63,0.00,0,0
10/21/16,70,65.2,59,0.50,1,0
10/22/16,72,68.7,64,3.42,1,0
10/23/16,70,65.3,63,6.56,1,0
10/24/16,68,63.9,59,5.49,1,0
10/25/16,72,67.8,64,2.04,1,0
10/26/16,77,72.6,66,0.00,0,0
10/27/16,77,74,70,0.00,0,0
10/28/16,79,72.3,68,0.00,0,0
10/29/16,75,69.7,64,0.00,0,0
10/30/16,73,67.2,61,0.00,0,0
10/31/16,72,66.9,61,0.00,0,0
11/1/16,73,69,64,0.00,0,0
11/2/16,72,66.7,63,2.44,1,0
11/3/16,72,66.8,61,0.18,1,0
11/4/16,72,68.1,66,10.87,1,0
11/5/16,72,65.8,59,2.07,1,0
11/6/16,66,58.6,52,0.00,0,0
11/7/16,64,56,50,0.12,1,0
11/8/16,66,55.2,45,0.00,0,0
11/9/16,68,59.6,46,0.21,1,0
11/10/16,68,59.8,54,0.00,0,0
11/11/16,66,58.5,50,0.00,0,0
11/12/16,72,60.9,52,3.20,1,0
11/13/16,68,61.5,54,0.34,1,0
11/14/16,72,62.4,54,0.00,0,0
11/15/16,68,61.6,57,0.00,0,0
11/16/16,68,60.9,55,0.00,0,0
11/17/16,66,58.3,46,0.00,0,0
11/18/16,68,59.5,48,1.45,1,0
11/19/16,66,59.5,52,1.44,1,0
11/20/16,68,64.3,61,6.30,1,0
11/21/16,66,60.9,54,17.63,1,0
11/22/16,61,54.2,48,0.51,1,0
11/23/16,61,51.5,43,0.08,1,0
11/24/16,61,52.1,45,6.46,1,0
11/25/16,63,58.5,52,10.70,1,0
11/26/16,64,55.8,50,4.35,1,0
11/27/16,61,51,57.2,1.36,1,0
11/28/16,63,55.7,48,0.27,1,0
11/29/16,63,58.8,55,0.36,1,0
11/30/16,66,63.6,63,3.58,1,0
12/1/16,66,60.2,57,2.73,1,0
12/2/16,63,59.3,55,0.35,1,0
12/3/16,66,63.4,61,11.89,1,0
12/4/16,64,63,59,13.65,1,0
12/5/16,70,61.8,57,0.04,1,0
12/6/16,66,60.1,54,0.00,0,0
12/7/16,66,60.8,57,0.05,1,0
12/8/16,64,60.9,55,0.00,0,0
12/9/16,66,62.6,59,0.07,1,0
12/10/16,64,61.3,57,0.00,0,0
12/11/16,64,58.1,54,0.32,1,0
12/12/16,64,57,50,0.00,0,0
12/13/16,61,55.7,52,0.30,1,0
12/14/16,63,58.7,52,18.90,1,0
12/15/16,61,55,48,7.03,1,0
12/16/16,57,52.6,48,3.36,1,0
12/17/16,64,55.8,48,0.00,0,0
12/18/16,63,58,54,0.00,0,0
12/19/16,63,54.3,48,0.00,0,0
12/20/16,61,51.3,41,0.00,0,0
12/21/16,61,52.1,41,0.00,0,0
12/22/16,64,56.6,48,0.00,0,0
12/23/16,66,57.4,50,0.00,0,0
12/24/16,64,57.9,50,0.22,1,0
12/25/16,64,57.1,52,0.00,0,0
12/26/16,61,54.7,50,0.00,0,0
12/27/16,63,55,50,0.00,0,0
12/28/16,66,57.6,52,0.03,1,0
12/29/16,64,57.7,54,0.00,0,0
12/30/16,61,56.5,52,0.00,0,0
12/31/16,61,55.3,52,0.00,0,0
1/1/17,59,55.9,52,0.00,0,0
1/2/17,64,61.8,59,6.58,1,0
1/3/17,66,62.5,57,1.96,1,0
1/4/17,64,57.7,54,0.15,1,0
1/5/17,64,55.9,48,0.15,1,0
1/6/17,63,55.5,48,0.19,1,0
1/7/17,63,55.2,50,0.00,0,0
1/8/17,61,53,45,0.00,0,0
1/9/17,61,51.8,41,0.00,0,0
1/10/17,64,55.3,46,0.00,0,0
1/11/17,64,56.2,50,0.00,0,0
1/12/17,64,56.9,52,0.17,1,0
1/13/17,61,54.2,46,0.00,0,0
1/14/17,59,50.9,43,0.00,0,0
1/15/17,61,52.2,46,0.00,0,0
1/16/17,63,52.7,43,0.00,0,0
1/17/17,64,53.1,43,0.00,0,0
1/18/17,54,46,39,0.01,1,0
1/19/17,54,44.3,37,0.00,0,0
1/20/17,55,46.5,39,0.00,0,0
1/21/17,61,50.1,43,0.00,0,0
1/22/17,61,51.2,43,0.00,0,0
1/23/17,63,50.5,41,0.00,0,0
1/24/17,61,49.4,39,0.00,0,0
1/25/17,57,49.9,36,0.00,0,0
1/26/17,59,57,54,10.00,1,0
1/27/17,61,54.6,45,1.66,1,0
1/28/17,61,52.4,43,0.55,1,0
1/29/17,61,53.4,46,0.32,1,0
1/30/17,61,53.8,46,0.28,1,0
1/31/17,61,56.4,50,7.00,1,0
2/1/17,61,56.5,48,1.02,1,0
2/2/17,63,59.8,55,3.58,1,0
2/3/17,63,60.7,59,0.17,1,0
2/4/17,63,61.6,59,4.13,1,0
2/5/17,64,58.6,48,0.24,1,0
2/6/17,61,53.3,45,0.23,1,0
2/7/17,61,54.8,46,5.73,1,0
2/8/17,63,52.8,45,0.00,0,0
2/9/17,59,52.5,46,3.43,1,0
2/10/17,54,50.8,45,1.67,1,0
2/11/17,57,52.6,48,4.71,1,0
2/12/17,59,56.2,52,5.15,1,0
2/13/17,61,56.2,48,2.99,1,0
2/14/17,63,57.3,54,6.72,1,0
2/15/17,64,58.9,54,0.14,1,0
2/16/17,64,58.5,54,0.00,0,0
2/17/17,64,57.4,52,0.00,0,0
2/18/17,68,56.6,46,0.00,0,0
2/19/17,63,56.7,52,0.64,1,0
2/20/17,61,57.1,52,0.00,0,0
2/21/17,64,59.2,55,0.00,0,0
2/22/17,66,58.9,52,0.00,0,0
2/23/17,63,59.2,55,0.00,0,0
2/24/17,66,57.7,52,0.00,0,0
2/25/17,61,56.9,52,0.00,0,0
2/26/17,63,57.5,50,0.09,1,0
2/27/17,61,55.2,50,1.21,1,0
2/28/17,61,55.3,48,0.69,1,0
3/1/17,63,54.6,45,0.00,0,0
3/2/17,63,55.3,46,0.00,0,0
3/3/17,59,53.2,50,5.04,1,0
3/4/17,66,58.7,54,8.40,1,0
3/5/17,64,59.9,54,0.78,1,0
3/6/17,68,60.3,52,0.00,0,0
3/7/17,66,61.1,55,0.00,0,0
3/8/17,77,66.2,54,0.00,0,0
3/9/17,75,67.2,63,0.00,0,0
3/10/17,70,64.7,55,0.00,0,0
3/11/17,70,61.8,52,0.00,0,0
3/12/17,72,61.1,54,0.00,0,0
3/13/17,64,57.5,50,0.00,0,0
3/14/17,61,57.4,54,0.00,0,0
3/15/17,66,61,57,0.00,0,0
3/16/17,61,56.1,54,0.00,0,0
3/17/17,66,60.1,57,0.46,1,0
3/18/17,72,61.2,54,0.00,0,0
3/19/17,70,60.8,52,0.00,0,0
3/20/17,68,59.5,52,0.00,0,0
3/21/17,63,56.4,50,0.00,0,0
3/22/17,61,53.2,46,1.45,1,0
3/23/17,59,49.4,43,2.04,1,0
3/24/17,57,50.4,41,3.35,1,0
3/25/17,61,56.4,52,1.72,1,0
3/26/17,63,56.9,54,7.62,1,0
3/27/17,63,59.6,55,0.18,1,0
3/28/17,64,57.5,50,0.18,1,0
3/29/17,72,63,52,0.17,1,0
3/30/17,66,62.7,59,0.00,0,0
3/31/17,66,60.2,54,0.00,0,0
4/1/17,66,58.8,52,0.00,0,0
4/2/17,68,60.2,52,0.00,0,0
4/3/17,72,63.3,54,0.00,0,0
4/4/17,68,63,55,0.00,0,0
4/5/17,70,63.1,55,0.00,0,0
4/6/17,70,63.9,55,0.00,0,0
4/7/17,73,64.8,57,0.00,0,0
4/8/17,70,64.1,57,0.00,0,0
4/9/17,70,63.8,59,0.00,0,0
4/10/17,72,64.9,59,0.00,0,0
4/11/17,73,64.5,57,0.00,0,0
4/12/17,77,65.1,54,0.00,0,0
4/13/17,72,64.7,57,0.00,0,0
4/14/17,70,63.9,55,0.00,0,0
4/15/17,70,64.8,59,0.00,0,0
4/16/17,72,65.8,59,0.00,0,0
4/17/17,72,65.8,59,0.00,0,0
4/18/17,82,71.7,64,0.13,1,0
4/19/17,72,67.1,64,0.00,0,0
4/20/17,70,65.5,63,0.00,0,0
4/21/17,68,63.4,61,0.00,0,0
4/22/17,70,64.3,61,0.00,0,0
4/23/17,70,64.1,57,0.00,0,0
4/24/17,70,63.9,59,0.00,0,0
4/25/17,73,64.7,59,0.00,0,0
4/26/17,68,61.8,55,0.00,0,0
4/27/17,61,57.9,55,0.00,0,0
4/28/17,72,62.9,57,0.00,0,0
4/29/17,68,63.7,57,0.00,0,0
4/30/17,68,61.7,54,3.09,1,0
5/1/17,66,59.5,52,0.00,0,0
5/2/17,75,66.6,57,0.00,0,0
5/3/17,77,68.4,59,0.00,0,0
5/4/17,70,65.2,61,0.12,1,0
5/5/17,70,63.4,59,5.65,1,0
5/6/17,70,62.9,54,0.37,1,0
5/7/17,75,68.4,61,0.00,0,0
5/8/17,75,68.1,61,0.00,0,0
5/9/17,70,65.2,57,0.34,1,0
5/10/17,70,65.1,59,1.25,1,0
5/11/17,70,65.4,61,1.22,1,0
5/12/17,70,65.2,63,1.01,1,0
5/13/17,70,64.6,57,0.34,1,0
5/14/17,70,64.8,55,0.33,1,0
5/15/17,82,74,68,0.32,1,0
5/16/17,84,74.5,66,0.31,1,0
5/17/17,86,74.5,63,0.00,0,0
5/18/17,79,68.8,59,0.00,0,0
5/19/17,73,66.5,57,0.00,0,0
5/20/17,82,73.1,63,0.00,0,0
5/21/17,72,70.2,66,0.00,0,0
5/22/17,72,68,64,0.00,0,0
5/23/17,81,72.6,66,0.00,0,0
5/24/17,81,73.8,68,0.00,0,0
5/25/17,75,71,66,0.38,1,0
5/26/17,72,68.6,66,0.00,0,0
5/27/17,72,67.9,66,0.00,0,0
5/28/17,72,68.3,64,0.64,1,0
5/29/17,73,69,64,0.66,1,0
5/30/17,77,70.3,63,0.13,1,0
5/31/17,79,73.8,66,0.00,0,0
6/1/17,79,73.7,66,0.00,0,0
6/2/17,84,75.1,66,0.00,0,0
6/3/17,82,73.2,63,0.00,0,0
6/4/17,82,70.1,59,0.00,0,0
6/5/17,82,70.6,61,0.00,0,0
6/6/17,79,71.4,64,0.04,1,0
6/7/17,88,77.6,66,0.00,0,0
6/8/17,82,76,68,0.00,0,0
6/9/17,82,73.2,64,0.00,0,0
6/10/17,79,74.8,70,0.00,0,0
6/11/17,82,77,70,0.00,0,0
6/12/17,90,82.1,75,0.00,0,0
6/13/17,79,72.7,68,0.00,0,0
6/14/17,75,72,70,0.00,0,0
6/15/17,79,72.3,66,0.00,0,0
6/16/17,97,85.4,73,0.00,0,0
6/17/17,95,85.7,77,0.00,0,0
6/18/17,90,82.9,75,0.00,0,0
6/19/17,84,78.7,73,0.00,0,0
6/20/17,81,77.5,75,0.00,0,0
6/21/17,77,73.8,70,0.00,0,0
6/22/17,79,73.3,66,0.00,0,0
6/23/17,95,79.7,70,0.00,0,0
6/24/17,99,85.4,77,0.00,0,0
6/25/17,93,80.6,72,0.28,1,0
6/26/17,77,72.2,64,0.00,0,0
6/27/17,81,71.8,64,0.00,0,0
6/28/17,79,70.7,64,0.43,1,0
6/29/17,81,70.3,61,0.00,0,0
6/30/17,81,71.5,61,0.10,1,0
7/1/17,82,73.5,66,0.00,0,0
7/2/17,86,78.5,68,0.00,0,0
7/3/17,86,78.5,70,0.00,0,0
7/4/17,81,74.3,68,0.00,0,0
7/5/17,75,72.2,68,0.00,0,0
7/6/17,73,69.2,64,0.17,1,0
7/7/17,81,69.9,64,0.00,0,0
7/8/17,79,70.7,64,0.00,0,0
7/9/17,84,71.9,64,0.00,0,0
7/10/17,86,73.6,64,0.00,0,0
7/11/17,84,76.4,68,0.00,0,0
7/12/17,90,80.2,70,0.00,0,0
7/13/17,95,80.4,73,0.00,0,0
7/14/17,95,77.7,70,0.00,0,0
7/15/17,79,75.5,68,0.00,0,0
7/16/17,88,76.5,68,0.00,0,0
7/17/17,91,79.7,70,0.00,0,0
7/18/17,84,78.6,72,0.00,0,0
7/19/17,81,73.5,66,0.13,1,0
7/20/17,84,72.3,64,0.00,0,0
7/21/17,84,71.2,63,0.00,0,0
7/22/17,86,73.8,66,0.00,0,0
7/23/17,84,75.8,66,0.00,0,0
7/24/17,97,80.8,75,0.00,0,0
7/25/17,84,76.8,68,0.12,1,0
7/26/17,81,75.1,72,0.00,0,0
7/27/17,90,79.1,72,0.00,0,0
7/28/17,88,80.1,68,0.00,0,0
7/29/17,86,80.8,73,0.00,0,0
7/30/17,91,80.8,72,0.00,0,0
7/31/17,84,75.6,68,0.12,1,0
8/1/17,88,77,68,0.00,0,0
8/2/17,81,74.2,64,0.00,0,0
8/3/17,90,79.8,70,0.00,0,0
8/4/17,91,84.8,73,0.00,0,0
8/5/17,99,85.7,75,0.00,0,0
8/6/17,84,76.4,68,0.00,0,0
8/7/17,88,78.2,72,0.00,0,0
8/8/17,88,76.6,66,0.00,0,0
8/9/17,82,72.5,64,0.00,0,0
8/10/17,84,75.2,64,0.00,0,0
8/11/17,84,75.7,66,0.00,0,0
8/12/17,86,77.2,68,0.00,0,0
8/13/17,86,75.9,66,0.00,0,0
8/14/17,82,76.6,70,0.00,0,0
8/15/17,86,77.5,72,0.00,0,0
8/16/17,93,80.8,72,0.00,0,0
8/17/17,82,76.8,70,0.00,0,0
8/18/17,88,78.4,70,0.00,0,0
8/19/17,84,79.4,73,0.00,0,0
8/20/17,86,79.5,73,0.00,0,0
8/21/17,84,78.5,75,0.00,0,0
8/22/17,84,77.5,68,0.00,0,0
8/23/17,84,78,72,0.00,0,0
8/24/17,84,77.7,68,0.00,0,0
8/25/17,81,76.5,72,0.00,0,0
8/26/17,82,77.1,72,0.00,0,0
8/27/17,77,74.1,70,0.00,0,0
8/28/17,75,70.6,66,0.95,1,0
8/29/17,77,70.1,63,0.54,1,0
8/30/17,77,71.3,64,0.00,0,0
8/31/17,82,74.8,68,0.00,0,0
9/1/17,84,78,72,0.00,0,0
9/2/17,88,78.7,72,0.00,0,0
9/3/17,81,76.3,70,0.00,0,0
9/4/17,88,76.1,68,0.06,1,0
9/5/17,77,72.5,66,0.00,0,0
9/6/17,82,76.3,70,0.00,0,0
9/7/17,81,76.6,72,0.13,1,0
9/8/17,84,76.4,70,0.00,0,0
9/9/17,82,71.7,64,0.00,0,0